system:index,cwd,date,.geo
195801,0.0,1958-01-01,"{""type"":""MultiPoint"",""coordinates"":[]}"
195802,0.0,1958-02-01,"{""type"":""MultiPoint"",""coordinates"":[]}"
195803,0.0,1958-03-01,"{""type"":""MultiPoint"",""coordinates"":[]}"
195804,0.0,1958-04-01,"{""type"":""MultiPoint"",""coordinates"":[]}"
195805,0.0,1958-05-01,"{""type"":""MultiPoint"",""coordinates"":[]}"
195806,1037.0,1958-06-01,"{""type"":""MultiPoint"",""coordinates"":[]}"
195807,1278.0,1958-07-01,"{""type"":""MultiPoint"",""coordinates"":[]}"
195808,549.0,1958-08-01,"{""type"":""MultiPoint"",""coordinates"":[]}"
195809,277.0,1958-09-01,"{""type"":""MultiPoint"",""coordinates"":[]}"
195810,284.0,1958-10-01,"{""type"":""MultiPoint"",""coordinates"":[]}"
195811,0.0,1958-11-01,"{""type"":""MultiPoint"",""coordinates"":[]}"
195812,0.0,1958-12-01,"{""type"":""MultiPoint"",""coordinates"":[]}"
195901,0.0,1959-01-01,"{""type"":""MultiPoint"",""coordinates"":[]}"
195902,0.0,1959-02-01,"{""type"":""MultiPoint"",""coordinates"":[]}"
195903,0.0,1959-03-01,"{""type"":""MultiPoint"",""coordinates"":[]}"
195904,0.0,1959-04-01,"{""type"":""MultiPoint"",""coordinates"":[]}"
195905,469.0,1959-05-01,"{""type"":""MultiPoint"",""coordinates"":[]}"
195906,1048.0,1959-06-01,"{""type"":""MultiPoint"",""coordinates"":[]}"
195907,949.0,1959-07-01,"{""type"":""MultiPoint"",""coordinates"":[]}"
195908,75.0,1959-08-01,"{""type"":""MultiPoint"",""coordinates"":[]}"
195909,1069.0,1959-09-01,"{""type"":""MultiPoint"",""coordinates"":[]}"
195910,0.0,1959-10-01,"{""type"":""MultiPoint"",""coordinates"":[]}"
195911,0.0,1959-11-01,"{""type"":""MultiPoint"",""coordinates"":[]}"
195912,0.0,1959-12-01,"{""type"":""MultiPoint"",""coordinates"":[]}"
196001,0.0,1960-01-01,"{""type"":""MultiPoint"",""coordinates"":[]}"
196002,0.0,1960-02-01,"{""type"":""MultiPoint"",""coordinates"":[]}"
196003,0.0,1960-03-01,"{""type"":""MultiPoint"",""coordinates"":[]}"
196004,0.0,1960-04-01,"{""type"":""MultiPoint"",""coordinates"":[]}"
196005,676.0,1960-05-01,"{""type"":""MultiPoint"",""coordinates"":[]}"
196006,1185.0,1960-06-01,"{""type"":""MultiPoint"",""coordinates"":[]}"
196007,795.0,1960-07-01,"{""type"":""MultiPoint"",""coordinates"":[]}"
196008,935.0,1960-08-01,"{""type"":""MultiPoint"",""coordinates"":[]}"
196009,884.0,1960-09-01,"{""type"":""MultiPoint"",""coordinates"":[]}"
196010,0.0,1960-10-01,"{""type"":""MultiPoint"",""coordinates"":[]}"
196011,34.0,1960-11-01,"{""type"":""MultiPoint"",""coordinates"":[]}"
196012,0.0,1960-12-01,"{""type"":""MultiPoint"",""coordinates"":[]}"
196101,0.0,1961-01-01,"{""type"":""MultiPoint"",""coordinates"":[]}"
196102,0.0,1961-02-01,"{""type"":""MultiPoint"",""coordinates"":[]}"
196103,0.0,1961-03-01,"{""type"":""MultiPoint"",""coordinates"":[]}"
196104,0.0,1961-04-01,"{""type"":""MultiPoint"",""coordinates"":[]}"
196105,498.0,1961-05-01,"{""type"":""MultiPoint"",""coordinates"":[]}"
196106,1196.0,1961-06-01,"{""type"":""MultiPoint"",""coordinates"":[]}"
196107,474.0,1961-07-01,"{""type"":""MultiPoint"",""coordinates"":[]}"
196108,0.0,1961-08-01,"{""type"":""MultiPoint"",""coordinates"":[]}"
196109,390.0,1961-09-01,"{""type"":""MultiPoint"",""coordinates"":[]}"
196110,352.0,1961-10-01,"{""type"":""MultiPoint"",""coordinates"":[]}"
196111,0.0,1961-11-01,"{""type"":""MultiPoint"",""coordinates"":[]}"
196112,0.0,1961-12-01,"{""type"":""MultiPoint"",""coordinates"":[]}"
196201,0.0,1962-01-01,"{""type"":""MultiPoint"",""coordinates"":[]}"
196202,0.0,1962-02-01,"{""type"":""MultiPoint"",""coordinates"":[]}"
196203,0.0,1962-03-01,"{""type"":""MultiPoint"",""coordinates"":[]}"
196204,0.0,1962-04-01,"{""type"":""MultiPoint"",""coordinates"":[]}"
196205,938.0,1962-05-01,"{""type"":""MultiPoint"",""coordinates"":[]}"
196206,1382.0,1962-06-01,"{""type"":""MultiPoint"",""coordinates"":[]}"
196207,307.0,1962-07-01,"{""type"":""MultiPoint"",""coordinates"":[]}"
196208,1287.0,1962-08-01,"{""type"":""MultiPoint"",""coordinates"":[]}"
196209,344.0,1962-09-01,"{""type"":""MultiPoint"",""coordinates"":[]}"
196210,534.0,1962-10-01,"{""type"":""MultiPoint"",""coordinates"":[]}"
196211,0.0,1962-11-01,"{""type"":""MultiPoint"",""coordinates"":[]}"
196212,0.0,1962-12-01,"{""type"":""MultiPoint"",""coordinates"":[]}"
196301,0.0,1963-01-01,"{""type"":""MultiPoint"",""coordinates"":[]}"
196302,0.0,1963-02-01,"{""type"":""MultiPoint"",""coordinates"":[]}"
196303,0.0,1963-03-01,"{""type"":""MultiPoint"",""coordinates"":[]}"
196304,0.0,1963-04-01,"{""type"":""MultiPoint"",""coordinates"":[]}"
196305,879.0,1963-05-01,"{""type"":""MultiPoint"",""coordinates"":[]}"
196306,1439.0,1963-06-01,"{""type"":""MultiPoint"",""coordinates"":[]}"
196307,1126.0,1963-07-01,"{""type"":""MultiPoint"",""coordinates"":[]}"
196308,0.0,1963-08-01,"{""type"":""MultiPoint"",""coordinates"":[]}"
196309,567.0,1963-09-01,"{""type"":""MultiPoint"",""coordinates"":[]}"
196310,511.0,1963-10-01,"{""type"":""MultiPoint"",""coordinates"":[]}"
196311,0.0,1963-11-01,"{""type"":""MultiPoint"",""coordinates"":[]}"
196312,0.0,1963-12-01,"{""type"":""MultiPoint"",""coordinates"":[]}"
196401,0.0,1964-01-01,"{""type"":""MultiPoint"",""coordinates"":[]}"
196402,0.0,1964-02-01,"{""type"":""MultiPoint"",""coordinates"":[]}"
196403,0.0,1964-03-01,"{""type"":""MultiPoint"",""coordinates"":[]}"
196404,0.0,1964-04-01,"{""type"":""MultiPoint"",""coordinates"":[]}"
196405,152.0,1964-05-01,"{""type"":""MultiPoint"",""coordinates"":[]}"
196406,1401.0,1964-06-01,"{""type"":""MultiPoint"",""coordinates"":[]}"
196407,416.0,1964-07-01,"{""type"":""MultiPoint"",""coordinates"":[]}"
196408,632.0,1964-08-01,"{""type"":""MultiPoint"",""coordinates"":[]}"
196409,475.0,1964-09-01,"{""type"":""MultiPoint"",""coordinates"":[]}"
196410,918.0,1964-10-01,"{""type"":""MultiPoint"",""coordinates"":[]}"
196411,0.0,1964-11-01,"{""type"":""MultiPoint"",""coordinates"":[]}"
196412,0.0,1964-12-01,"{""type"":""MultiPoint"",""coordinates"":[]}"
196501,0.0,1965-01-01,"{""type"":""MultiPoint"",""coordinates"":[]}"
196502,0.0,1965-02-01,"{""type"":""MultiPoint"",""coordinates"":[]}"
196503,0.0,1965-03-01,"{""type"":""MultiPoint"",""coordinates"":[]}"
196504,0.0,1965-04-01,"{""type"":""MultiPoint"",""coordinates"":[]}"
196505,288.0,1965-05-01,"{""type"":""MultiPoint"",""coordinates"":[]}"
196506,609.0,1965-06-01,"{""type"":""MultiPoint"",""coordinates"":[]}"
196507,259.0,1965-07-01,"{""type"":""MultiPoint"",""coordinates"":[]}"
196508,579.0,1965-08-01,"{""type"":""MultiPoint"",""coordinates"":[]}"
196509,465.0,1965-09-01,"{""type"":""MultiPoint"",""coordinates"":[]}"
196510,561.0,1965-10-01,"{""type"":""MultiPoint"",""coordinates"":[]}"
196511,157.0,1965-11-01,"{""type"":""MultiPoint"",""coordinates"":[]}"
196512,0.0,1965-12-01,"{""type"":""MultiPoint"",""coordinates"":[]}"
196601,0.0,1966-01-01,"{""type"":""MultiPoint"",""coordinates"":[]}"
196602,0.0,1966-02-01,"{""type"":""MultiPoint"",""coordinates"":[]}"
196603,0.0,1966-03-01,"{""type"":""MultiPoint"",""coordinates"":[]}"
196604,0.0,1966-04-01,"{""type"":""MultiPoint"",""coordinates"":[]}"
196605,879.0,1966-05-01,"{""type"":""MultiPoint"",""coordinates"":[]}"
196606,544.0,1966-06-01,"{""type"":""MultiPoint"",""coordinates"":[]}"
196607,801.0,1966-07-01,"{""type"":""MultiPoint"",""coordinates"":[]}"
196608,263.0,1966-08-01,"{""type"":""MultiPoint"",""coordinates"":[]}"
196609,793.0,1966-09-01,"{""type"":""MultiPoint"",""coordinates"":[]}"
196610,800.0,1966-10-01,"{""type"":""MultiPoint"",""coordinates"":[]}"
196611,310.0,1966-11-01,"{""type"":""MultiPoint"",""coordinates"":[]}"
196612,0.0,1966-12-01,"{""type"":""MultiPoint"",""coordinates"":[]}"
196701,0.0,1967-01-01,"{""type"":""MultiPoint"",""coordinates"":[]}"
196702,0.0,1967-02-01,"{""type"":""MultiPoint"",""coordinates"":[]}"
196703,0.0,1967-03-01,"{""type"":""MultiPoint"",""coordinates"":[]}"
196704,366.0,1967-04-01,"{""type"":""MultiPoint"",""coordinates"":[]}"
196705,1180.0,1967-05-01,"{""type"":""MultiPoint"",""coordinates"":[]}"
196706,886.0,1967-06-01,"{""type"":""MultiPoint"",""coordinates"":[]}"
196707,326.0,1967-07-01,"{""type"":""MultiPoint"",""coordinates"":[]}"
196708,0.0,1967-08-01,"{""type"":""MultiPoint"",""coordinates"":[]}"
196709,313.0,1967-09-01,"{""type"":""MultiPoint"",""coordinates"":[]}"
196710,816.0,1967-10-01,"{""type"":""MultiPoint"",""coordinates"":[]}"
196711,226.0,1967-11-01,"{""type"":""MultiPoint"",""coordinates"":[]}"
196712,0.0,1967-12-01,"{""type"":""MultiPoint"",""coordinates"":[]}"
196801,0.0,1968-01-01,"{""type"":""MultiPoint"",""coordinates"":[]}"
196802,0.0,1968-02-01,"{""type"":""MultiPoint"",""coordinates"":[]}"
196803,0.0,1968-03-01,"{""type"":""MultiPoint"",""coordinates"":[]}"
196804,0.0,1968-04-01,"{""type"":""MultiPoint"",""coordinates"":[]}"
196805,0.0,1968-05-01,"{""type"":""MultiPoint"",""coordinates"":[]}"
196806,1171.0,1968-06-01,"{""type"":""MultiPoint"",""coordinates"":[]}"
196807,150.0,1968-07-01,"{""type"":""MultiPoint"",""coordinates"":[]}"
196808,145.0,1968-08-01,"{""type"":""MultiPoint"",""coordinates"":[]}"
196809,1073.0,1968-09-01,"{""type"":""MultiPoint"",""coordinates"":[]}"
196810,809.0,1968-10-01,"{""type"":""MultiPoint"",""coordinates"":[]}"
196811,0.0,1968-11-01,"{""type"":""MultiPoint"",""coordinates"":[]}"
196812,0.0,1968-12-01,"{""type"":""MultiPoint"",""coordinates"":[]}"
196901,0.0,1969-01-01,"{""type"":""MultiPoint"",""coordinates"":[]}"
196902,0.0,1969-02-01,"{""type"":""MultiPoint"",""coordinates"":[]}"
196903,0.0,1969-03-01,"{""type"":""MultiPoint"",""coordinates"":[]}"
196904,0.0,1969-04-01,"{""type"":""MultiPoint"",""coordinates"":[]}"
196905,362.0,1969-05-01,"{""type"":""MultiPoint"",""coordinates"":[]}"
196906,1068.0,1969-06-01,"{""type"":""MultiPoint"",""coordinates"":[]}"
196907,444.0,1969-07-01,"{""type"":""MultiPoint"",""coordinates"":[]}"
196908,225.0,1969-08-01,"{""type"":""MultiPoint"",""coordinates"":[]}"
196909,429.0,1969-09-01,"{""type"":""MultiPoint"",""coordinates"":[]}"
196910,0.0,1969-10-01,"{""type"":""MultiPoint"",""coordinates"":[]}"
196911,0.0,1969-11-01,"{""type"":""MultiPoint"",""coordinates"":[]}"
196912,0.0,1969-12-01,"{""type"":""MultiPoint"",""coordinates"":[]}"
197001,0.0,1970-01-01,"{""type"":""MultiPoint"",""coordinates"":[]}"
197002,0.0,1970-02-01,"{""type"":""MultiPoint"",""coordinates"":[]}"
197003,0.0,1970-03-01,"{""type"":""MultiPoint"",""coordinates"":[]}"
197004,0.0,1970-04-01,"{""type"":""MultiPoint"",""coordinates"":[]}"
197005,80.0,1970-05-01,"{""type"":""MultiPoint"",""coordinates"":[]}"
197006,808.0,1970-06-01,"{""type"":""MultiPoint"",""coordinates"":[]}"
197007,328.0,1970-07-01,"{""type"":""MultiPoint"",""coordinates"":[]}"
197008,379.0,1970-08-01,"{""type"":""MultiPoint"",""coordinates"":[]}"
197009,546.0,1970-09-01,"{""type"":""MultiPoint"",""coordinates"":[]}"
197010,432.0,1970-10-01,"{""type"":""MultiPoint"",""coordinates"":[]}"
197011,0.0,1970-11-01,"{""type"":""MultiPoint"",""coordinates"":[]}"
197012,0.0,1970-12-01,"{""type"":""MultiPoint"",""coordinates"":[]}"
197101,0.0,1971-01-01,"{""type"":""MultiPoint"",""coordinates"":[]}"
197102,0.0,1971-02-01,"{""type"":""MultiPoint"",""coordinates"":[]}"
197103,0.0,1971-03-01,"{""type"":""MultiPoint"",""coordinates"":[]}"
197104,0.0,1971-04-01,"{""type"":""MultiPoint"",""coordinates"":[]}"
197105,687.0,1971-05-01,"{""type"":""MultiPoint"",""coordinates"":[]}"
197106,1528.0,1971-06-01,"{""type"":""MultiPoint"",""coordinates"":[]}"
197107,353.0,1971-07-01,"{""type"":""MultiPoint"",""coordinates"":[]}"
197108,290.0,1971-08-01,"{""type"":""MultiPoint"",""coordinates"":[]}"
197109,226.0,1971-09-01,"{""type"":""MultiPoint"",""coordinates"":[]}"
197110,95.0,1971-10-01,"{""type"":""MultiPoint"",""coordinates"":[]}"
197111,0.0,1971-11-01,"{""type"":""MultiPoint"",""coordinates"":[]}"
197112,0.0,1971-12-01,"{""type"":""MultiPoint"",""coordinates"":[]}"
197201,0.0,1972-01-01,"{""type"":""MultiPoint"",""coordinates"":[]}"
197202,0.0,1972-02-01,"{""type"":""MultiPoint"",""coordinates"":[]}"
197203,0.0,1972-03-01,"{""type"":""MultiPoint"",""coordinates"":[]}"
197204,221.0,1972-04-01,"{""type"":""MultiPoint"",""coordinates"":[]}"
197205,1094.0,1972-05-01,"{""type"":""MultiPoint"",""coordinates"":[]}"
197206,1167.0,1972-06-01,"{""type"":""MultiPoint"",""coordinates"":[]}"
197207,789.0,1972-07-01,"{""type"":""MultiPoint"",""coordinates"":[]}"
197208,209.0,1972-08-01,"{""type"":""MultiPoint"",""coordinates"":[]}"
197209,385.0,1972-09-01,"{""type"":""MultiPoint"",""coordinates"":[]}"
197210,0.0,1972-10-01,"{""type"":""MultiPoint"",""coordinates"":[]}"
197211,0.0,1972-11-01,"{""type"":""MultiPoint"",""coordinates"":[]}"
197212,0.0,1972-12-01,"{""type"":""MultiPoint"",""coordinates"":[]}"
197301,0.0,1973-01-01,"{""type"":""MultiPoint"",""coordinates"":[]}"
197302,0.0,1973-02-01,"{""type"":""MultiPoint"",""coordinates"":[]}"
197303,0.0,1973-03-01,"{""type"":""MultiPoint"",""coordinates"":[]}"
197304,0.0,1973-04-01,"{""type"":""MultiPoint"",""coordinates"":[]}"
197305,0.0,1973-05-01,"{""type"":""MultiPoint"",""coordinates"":[]}"
197306,765.0,1973-06-01,"{""type"":""MultiPoint"",""coordinates"":[]}"
197307,495.0,1973-07-01,"{""type"":""MultiPoint"",""coordinates"":[]}"
197308,748.0,1973-08-01,"{""type"":""MultiPoint"",""coordinates"":[]}"
197309,638.0,1973-09-01,"{""type"":""MultiPoint"",""coordinates"":[]}"
197310,703.0,1973-10-01,"{""type"":""MultiPoint"",""coordinates"":[]}"
197311,177.0,1973-11-01,"{""type"":""MultiPoint"",""coordinates"":[]}"
197312,0.0,1973-12-01,"{""type"":""MultiPoint"",""coordinates"":[]}"
197401,0.0,1974-01-01,"{""type"":""MultiPoint"",""coordinates"":[]}"
197402,0.0,1974-02-01,"{""type"":""MultiPoint"",""coordinates"":[]}"
197403,0.0,1974-03-01,"{""type"":""MultiPoint"",""coordinates"":[]}"
197404,30.0,1974-04-01,"{""type"":""MultiPoint"",""coordinates"":[]}"
197405,1115.0,1974-05-01,"{""type"":""MultiPoint"",""coordinates"":[]}"
197406,1484.0,1974-06-01,"{""type"":""MultiPoint"",""coordinates"":[]}"
197407,378.0,1974-07-01,"{""type"":""MultiPoint"",""coordinates"":[]}"
197408,460.0,1974-08-01,"{""type"":""MultiPoint"",""coordinates"":[]}"
197409,767.0,1974-09-01,"{""type"":""MultiPoint"",""coordinates"":[]}"
197410,0.0,1974-10-01,"{""type"":""MultiPoint"",""coordinates"":[]}"
197411,0.0,1974-11-01,"{""type"":""MultiPoint"",""coordinates"":[]}"
197412,0.0,1974-12-01,"{""type"":""MultiPoint"",""coordinates"":[]}"
197501,0.0,1975-01-01,"{""type"":""MultiPoint"",""coordinates"":[]}"
197502,0.0,1975-02-01,"{""type"":""MultiPoint"",""coordinates"":[]}"
197503,0.0,1975-03-01,"{""type"":""MultiPoint"",""coordinates"":[]}"
197504,0.0,1975-04-01,"{""type"":""MultiPoint"",""coordinates"":[]}"
197505,0.0,1975-05-01,"{""type"":""MultiPoint"",""coordinates"":[]}"
197506,1069.0,1975-06-01,"{""type"":""MultiPoint"",""coordinates"":[]}"
197507,408.0,1975-07-01,"{""type"":""MultiPoint"",""coordinates"":[]}"
197508,648.0,1975-08-01,"{""type"":""MultiPoint"",""coordinates"":[]}"
197509,0.0,1975-09-01,"{""type"":""MultiPoint"",""coordinates"":[]}"
197510,825.0,1975-10-01,"{""type"":""MultiPoint"",""coordinates"":[]}"
197511,0.0,1975-11-01,"{""type"":""MultiPoint"",""coordinates"":[]}"
197512,0.0,1975-12-01,"{""type"":""MultiPoint"",""coordinates"":[]}"
197601,0.0,1976-01-01,"{""type"":""MultiPoint"",""coordinates"":[]}"
197602,0.0,1976-02-01,"{""type"":""MultiPoint"",""coordinates"":[]}"
197603,0.0,1976-03-01,"{""type"":""MultiPoint"",""coordinates"":[]}"
197604,0.0,1976-04-01,"{""type"":""MultiPoint"",""coordinates"":[]}"
197605,402.0,1976-05-01,"{""type"":""MultiPoint"",""coordinates"":[]}"
197606,1421.0,1976-06-01,"{""type"":""MultiPoint"",""coordinates"":[]}"
197607,644.0,1976-07-01,"{""type"":""MultiPoint"",""coordinates"":[]}"
197608,584.0,1976-08-01,"{""type"":""MultiPoint"",""coordinates"":[]}"
197609,617.0,1976-09-01,"{""type"":""MultiPoint"",""coordinates"":[]}"
197610,691.0,1976-10-01,"{""type"":""MultiPoint"",""coordinates"":[]}"
197611,0.0,1976-11-01,"{""type"":""MultiPoint"",""coordinates"":[]}"
197612,0.0,1976-12-01,"{""type"":""MultiPoint"",""coordinates"":[]}"
197701,0.0,1977-01-01,"{""type"":""MultiPoint"",""coordinates"":[]}"
197702,0.0,1977-02-01,"{""type"":""MultiPoint"",""coordinates"":[]}"
197703,0.0,1977-03-01,"{""type"":""MultiPoint"",""coordinates"":[]}"
197704,0.0,1977-04-01,"{""type"":""MultiPoint"",""coordinates"":[]}"
197705,528.0,1977-05-01,"{""type"":""MultiPoint"",""coordinates"":[]}"
197706,1358.0,1977-06-01,"{""type"":""MultiPoint"",""coordinates"":[]}"
197707,523.0,1977-07-01,"{""type"":""MultiPoint"",""coordinates"":[]}"
197708,132.0,1977-08-01,"{""type"":""MultiPoint"",""coordinates"":[]}"
197709,582.0,1977-09-01,"{""type"":""MultiPoint"",""coordinates"":[]}"
197710,744.0,1977-10-01,"{""type"":""MultiPoint"",""coordinates"":[]}"
197711,0.0,1977-11-01,"{""type"":""MultiPoint"",""coordinates"":[]}"
197712,0.0,1977-12-01,"{""type"":""MultiPoint"",""coordinates"":[]}"
197801,0.0,1978-01-01,"{""type"":""MultiPoint"",""coordinates"":[]}"
197802,0.0,1978-02-01,"{""type"":""MultiPoint"",""coordinates"":[]}"
197803,0.0,1978-03-01,"{""type"":""MultiPoint"",""coordinates"":[]}"
197804,0.0,1978-04-01,"{""type"":""MultiPoint"",""coordinates"":[]}"
197805,229.0,1978-05-01,"{""type"":""MultiPoint"",""coordinates"":[]}"
197806,974.0,1978-06-01,"{""type"":""MultiPoint"",""coordinates"":[]}"
197807,1143.0,1978-07-01,"{""type"":""MultiPoint"",""coordinates"":[]}"
197808,709.0,1978-08-01,"{""type"":""MultiPoint"",""coordinates"":[]}"
197809,783.0,1978-09-01,"{""type"":""MultiPoint"",""coordinates"":[]}"
197810,474.0,1978-10-01,"{""type"":""MultiPoint"",""coordinates"":[]}"
197811,0.0,1978-11-01,"{""type"":""MultiPoint"",""coordinates"":[]}"
197812,0.0,1978-12-01,"{""type"":""MultiPoint"",""coordinates"":[]}"
197901,0.0,1979-01-01,"{""type"":""MultiPoint"",""coordinates"":[]}"
197902,0.0,1979-02-01,"{""type"":""MultiPoint"",""coordinates"":[]}"
197903,0.0,1979-03-01,"{""type"":""MultiPoint"",""coordinates"":[]}"
197904,0.0,1979-04-01,"{""type"":""MultiPoint"",""coordinates"":[]}"
197905,38.0,1979-05-01,"{""type"":""MultiPoint"",""coordinates"":[]}"
197906,561.0,1979-06-01,"{""type"":""MultiPoint"",""coordinates"":[]}"
197907,1012.0,1979-07-01,"{""type"":""MultiPoint"",""coordinates"":[]}"
197908,281.0,1979-08-01,"{""type"":""MultiPoint"",""coordinates"":[]}"
197909,871.0,1979-09-01,"{""type"":""MultiPoint"",""coordinates"":[]}"
197910,759.0,1979-10-01,"{""type"":""MultiPoint"",""coordinates"":[]}"
197911,0.0,1979-11-01,"{""type"":""MultiPoint"",""coordinates"":[]}"
197912,0.0,1979-12-01,"{""type"":""MultiPoint"",""coordinates"":[]}"
198001,0.0,1980-01-01,"{""type"":""MultiPoint"",""coordinates"":[]}"
198002,0.0,1980-02-01,"{""type"":""MultiPoint"",""coordinates"":[]}"
198003,0.0,1980-03-01,"{""type"":""MultiPoint"",""coordinates"":[]}"
198004,0.0,1980-04-01,"{""type"":""MultiPoint"",""coordinates"":[]}"
198005,0.0,1980-05-01,"{""type"":""MultiPoint"",""coordinates"":[]}"
198006,1323.0,1980-06-01,"{""type"":""MultiPoint"",""coordinates"":[]}"
198007,1365.0,1980-07-01,"{""type"":""MultiPoint"",""coordinates"":[]}"
198008,633.0,1980-08-01,"{""type"":""MultiPoint"",""coordinates"":[]}"
198009,587.0,1980-09-01,"{""type"":""MultiPoint"",""coordinates"":[]}"
198010,521.0,1980-10-01,"{""type"":""MultiPoint"",""coordinates"":[]}"
198011,0.0,1980-11-01,"{""type"":""MultiPoint"",""coordinates"":[]}"
198012,0.0,1980-12-01,"{""type"":""MultiPoint"",""coordinates"":[]}"
198101,0.0,1981-01-01,"{""type"":""MultiPoint"",""coordinates"":[]}"
198102,0.0,1981-02-01,"{""type"":""MultiPoint"",""coordinates"":[]}"
198103,0.0,1981-03-01,"{""type"":""MultiPoint"",""coordinates"":[]}"
198104,0.0,1981-04-01,"{""type"":""MultiPoint"",""coordinates"":[]}"
198105,412.0,1981-05-01,"{""type"":""MultiPoint"",""coordinates"":[]}"
198106,1191.0,1981-06-01,"{""type"":""MultiPoint"",""coordinates"":[]}"
198107,400.0,1981-07-01,"{""type"":""MultiPoint"",""coordinates"":[]}"
198108,216.0,1981-08-01,"{""type"":""MultiPoint"",""coordinates"":[]}"
198109,396.0,1981-09-01,"{""type"":""MultiPoint"",""coordinates"":[]}"
198110,364.0,1981-10-01,"{""type"":""MultiPoint"",""coordinates"":[]}"
198111,224.0,1981-11-01,"{""type"":""MultiPoint"",""coordinates"":[]}"
198112,0.0,1981-12-01,"{""type"":""MultiPoint"",""coordinates"":[]}"
198201,0.0,1982-01-01,"{""type"":""MultiPoint"",""coordinates"":[]}"
198202,0.0,1982-02-01,"{""type"":""MultiPoint"",""coordinates"":[]}"
198203,0.0,1982-03-01,"{""type"":""MultiPoint"",""coordinates"":[]}"
198204,0.0,1982-04-01,"{""type"":""MultiPoint"",""coordinates"":[]}"
198205,184.0,1982-05-01,"{""type"":""MultiPoint"",""coordinates"":[]}"
198206,1368.0,1982-06-01,"{""type"":""MultiPoint"",""coordinates"":[]}"
198207,647.0,1982-07-01,"{""type"":""MultiPoint"",""coordinates"":[]}"
198208,15.0,1982-08-01,"{""type"":""MultiPoint"",""coordinates"":[]}"
198209,225.0,1982-09-01,"{""type"":""MultiPoint"",""coordinates"":[]}"
198210,511.0,1982-10-01,"{""type"":""MultiPoint"",""coordinates"":[]}"
198211,0.0,1982-11-01,"{""type"":""MultiPoint"",""coordinates"":[]}"
198212,0.0,1982-12-01,"{""type"":""MultiPoint"",""coordinates"":[]}"
198301,0.0,1983-01-01,"{""type"":""MultiPoint"",""coordinates"":[]}"
198302,0.0,1983-02-01,"{""type"":""MultiPoint"",""coordinates"":[]}"
198303,0.0,1983-03-01,"{""type"":""MultiPoint"",""coordinates"":[]}"
198304,0.0,1983-04-01,"{""type"":""MultiPoint"",""coordinates"":[]}"
198305,0.0,1983-05-01,"{""type"":""MultiPoint"",""coordinates"":[]}"
198306,729.0,1983-06-01,"{""type"":""MultiPoint"",""coordinates"":[]}"
198307,794.0,1983-07-01,"{""type"":""MultiPoint"",""coordinates"":[]}"
198308,357.0,1983-08-01,"{""type"":""MultiPoint"",""coordinates"":[]}"
198309,619.0,1983-09-01,"{""type"":""MultiPoint"",""coordinates"":[]}"
198310,256.0,1983-10-01,"{""type"":""MultiPoint"",""coordinates"":[]}"
198311,0.0,1983-11-01,"{""type"":""MultiPoint"",""coordinates"":[]}"
198312,0.0,1983-12-01,"{""type"":""MultiPoint"",""coordinates"":[]}"
198401,0.0,1984-01-01,"{""type"":""MultiPoint"",""coordinates"":[]}"
198402,0.0,1984-02-01,"{""type"":""MultiPoint"",""coordinates"":[]}"
198403,0.0,1984-03-01,"{""type"":""MultiPoint"",""coordinates"":[]}"
198404,0.0,1984-04-01,"{""type"":""MultiPoint"",""coordinates"":[]}"
198405,100.0,1984-05-01,"{""type"":""MultiPoint"",""coordinates"":[]}"
198406,708.0,1984-06-01,"{""type"":""MultiPoint"",""coordinates"":[]}"
198407,633.0,1984-07-01,"{""type"":""MultiPoint"",""coordinates"":[]}"
198408,55.0,1984-08-01,"{""type"":""MultiPoint"",""coordinates"":[]}"
198409,553.0,1984-09-01,"{""type"":""MultiPoint"",""coordinates"":[]}"
198410,0.0,1984-10-01,"{""type"":""MultiPoint"",""coordinates"":[]}"
198411,0.0,1984-11-01,"{""type"":""MultiPoint"",""coordinates"":[]}"
198412,0.0,1984-12-01,"{""type"":""MultiPoint"",""coordinates"":[]}"
198501,0.0,1985-01-01,"{""type"":""MultiPoint"",""coordinates"":[]}"
198502,0.0,1985-02-01,"{""type"":""MultiPoint"",""coordinates"":[]}"
198503,0.0,1985-03-01,"{""type"":""MultiPoint"",""coordinates"":[]}"
198504,0.0,1985-04-01,"{""type"":""MultiPoint"",""coordinates"":[]}"
198505,333.0,1985-05-01,"{""type"":""MultiPoint"",""coordinates"":[]}"
198506,1101.0,1985-06-01,"{""type"":""MultiPoint"",""coordinates"":[]}"
198507,554.0,1985-07-01,"{""type"":""MultiPoint"",""coordinates"":[]}"
198508,695.0,1985-08-01,"{""type"":""MultiPoint"",""coordinates"":[]}"
198509,92.0,1985-09-01,"{""type"":""MultiPoint"",""coordinates"":[]}"
198510,0.0,1985-10-01,"{""type"":""MultiPoint"",""coordinates"":[]}"
198511,0.0,1985-11-01,"{""type"":""MultiPoint"",""coordinates"":[]}"
198512,0.0,1985-12-01,"{""type"":""MultiPoint"",""coordinates"":[]}"
198601,0.0,1986-01-01,"{""type"":""MultiPoint"",""coordinates"":[]}"
198602,0.0,1986-02-01,"{""type"":""MultiPoint"",""coordinates"":[]}"
198603,0.0,1986-03-01,"{""type"":""MultiPoint"",""coordinates"":[]}"
198604,0.0,1986-04-01,"{""type"":""MultiPoint"",""coordinates"":[]}"
198605,417.0,1986-05-01,"{""type"":""MultiPoint"",""coordinates"":[]}"
198606,303.0,1986-06-01,"{""type"":""MultiPoint"",""coordinates"":[]}"
198607,298.0,1986-07-01,"{""type"":""MultiPoint"",""coordinates"":[]}"
198608,288.0,1986-08-01,"{""type"":""MultiPoint"",""coordinates"":[]}"
198609,293.0,1986-09-01,"{""type"":""MultiPoint"",""coordinates"":[]}"
198610,0.0,1986-10-01,"{""type"":""MultiPoint"",""coordinates"":[]}"
198611,0.0,1986-11-01,"{""type"":""MultiPoint"",""coordinates"":[]}"
198612,0.0,1986-12-01,"{""type"":""MultiPoint"",""coordinates"":[]}"
198701,0.0,1987-01-01,"{""type"":""MultiPoint"",""coordinates"":[]}"
198702,0.0,1987-02-01,"{""type"":""MultiPoint"",""coordinates"":[]}"
198703,0.0,1987-03-01,"{""type"":""MultiPoint"",""coordinates"":[]}"
198704,0.0,1987-04-01,"{""type"":""MultiPoint"",""coordinates"":[]}"
198705,141.0,1987-05-01,"{""type"":""MultiPoint"",""coordinates"":[]}"
198706,1012.0,1987-06-01,"{""type"":""MultiPoint"",""coordinates"":[]}"
198707,1141.0,1987-07-01,"{""type"":""MultiPoint"",""coordinates"":[]}"
198708,312.0,1987-08-01,"{""type"":""MultiPoint"",""coordinates"":[]}"
198709,815.0,1987-09-01,"{""type"":""MultiPoint"",""coordinates"":[]}"
198710,690.0,1987-10-01,"{""type"":""MultiPoint"",""coordinates"":[]}"
198711,0.0,1987-11-01,"{""type"":""MultiPoint"",""coordinates"":[]}"
198712,0.0,1987-12-01,"{""type"":""MultiPoint"",""coordinates"":[]}"
198801,0.0,1988-01-01,"{""type"":""MultiPoint"",""coordinates"":[]}"
198802,0.0,1988-02-01,"{""type"":""MultiPoint"",""coordinates"":[]}"
198803,0.0,1988-03-01,"{""type"":""MultiPoint"",""coordinates"":[]}"
198804,0.0,1988-04-01,"{""type"":""MultiPoint"",""coordinates"":[]}"
198805,487.0,1988-05-01,"{""type"":""MultiPoint"",""coordinates"":[]}"
198806,405.0,1988-06-01,"{""type"":""MultiPoint"",""coordinates"":[]}"
198807,273.0,1988-07-01,"{""type"":""MultiPoint"",""coordinates"":[]}"
198808,0.0,1988-08-01,"{""type"":""MultiPoint"",""coordinates"":[]}"
198809,119.0,1988-09-01,"{""type"":""MultiPoint"",""coordinates"":[]}"
198810,558.0,1988-10-01,"{""type"":""MultiPoint"",""coordinates"":[]}"
198811,0.0,1988-11-01,"{""type"":""MultiPoint"",""coordinates"":[]}"
198812,0.0,1988-12-01,"{""type"":""MultiPoint"",""coordinates"":[]}"
198901,0.0,1989-01-01,"{""type"":""MultiPoint"",""coordinates"":[]}"
198902,0.0,1989-02-01,"{""type"":""MultiPoint"",""coordinates"":[]}"
198903,0.0,1989-03-01,"{""type"":""MultiPoint"",""coordinates"":[]}"
198904,200.0,1989-04-01,"{""type"":""MultiPoint"",""coordinates"":[]}"
198905,1259.0,1989-05-01,"{""type"":""MultiPoint"",""coordinates"":[]}"
198906,1400.0,1989-06-01,"{""type"":""MultiPoint"",""coordinates"":[]}"
198907,414.0,1989-07-01,"{""type"":""MultiPoint"",""coordinates"":[]}"
198908,496.0,1989-08-01,"{""type"":""MultiPoint"",""coordinates"":[]}"
198909,686.0,1989-09-01,"{""type"":""MultiPoint"",""coordinates"":[]}"
198910,336.0,1989-10-01,"{""type"":""MultiPoint"",""coordinates"":[]}"
198911,114.0,1989-11-01,"{""type"":""MultiPoint"",""coordinates"":[]}"
198912,0.0,1989-12-01,"{""type"":""MultiPoint"",""coordinates"":[]}"
199001,0.0,1990-01-01,"{""type"":""MultiPoint"",""coordinates"":[]}"
199002,0.0,1990-02-01,"{""type"":""MultiPoint"",""coordinates"":[]}"
199003,0.0,1990-03-01,"{""type"":""MultiPoint"",""coordinates"":[]}"
199004,0.0,1990-04-01,"{""type"":""MultiPoint"",""coordinates"":[]}"
199005,594.0,1990-05-01,"{""type"":""MultiPoint"",""coordinates"":[]}"
199006,1484.0,1990-06-01,"{""type"":""MultiPoint"",""coordinates"":[]}"
199007,53.0,1990-07-01,"{""type"":""MultiPoint"",""coordinates"":[]}"
199008,113.0,1990-08-01,"{""type"":""MultiPoint"",""coordinates"":[]}"
199009,0.0,1990-09-01,"{""type"":""MultiPoint"",""coordinates"":[]}"
199010,632.0,1990-10-01,"{""type"":""MultiPoint"",""coordinates"":[]}"
199011,0.0,1990-11-01,"{""type"":""MultiPoint"",""coordinates"":[]}"
199012,0.0,1990-12-01,"{""type"":""MultiPoint"",""coordinates"":[]}"
199101,0.0,1991-01-01,"{""type"":""MultiPoint"",""coordinates"":[]}"
199102,0.0,1991-02-01,"{""type"":""MultiPoint"",""coordinates"":[]}"
199103,0.0,1991-03-01,"{""type"":""MultiPoint"",""coordinates"":[]}"
199104,0.0,1991-04-01,"{""type"":""MultiPoint"",""coordinates"":[]}"
199105,316.0,1991-05-01,"{""type"":""MultiPoint"",""coordinates"":[]}"
199106,1029.0,1991-06-01,"{""type"":""MultiPoint"",""coordinates"":[]}"
199107,0.0,1991-07-01,"{""type"":""MultiPoint"",""coordinates"":[]}"
199108,229.0,1991-08-01,"{""type"":""MultiPoint"",""coordinates"":[]}"
199109,262.0,1991-09-01,"{""type"":""MultiPoint"",""coordinates"":[]}"
199110,765.0,1991-10-01,"{""type"":""MultiPoint"",""coordinates"":[]}"
199111,0.0,1991-11-01,"{""type"":""MultiPoint"",""coordinates"":[]}"
199112,0.0,1991-12-01,"{""type"":""MultiPoint"",""coordinates"":[]}"
199201,0.0,1992-01-01,"{""type"":""MultiPoint"",""coordinates"":[]}"
199202,0.0,1992-02-01,"{""type"":""MultiPoint"",""coordinates"":[]}"
199203,0.0,1992-03-01,"{""type"":""MultiPoint"",""coordinates"":[]}"
199204,0.0,1992-04-01,"{""type"":""MultiPoint"",""coordinates"":[]}"
199205,133.0,1992-05-01,"{""type"":""MultiPoint"",""coordinates"":[]}"
199206,1088.0,1992-06-01,"{""type"":""MultiPoint"",""coordinates"":[]}"
199207,499.0,1992-07-01,"{""type"":""MultiPoint"",""coordinates"":[]}"
199208,124.0,1992-08-01,"{""type"":""MultiPoint"",""coordinates"":[]}"
199209,943.0,1992-09-01,"{""type"":""MultiPoint"",""coordinates"":[]}"
199210,680.0,1992-10-01,"{""type"":""MultiPoint"",""coordinates"":[]}"
199211,0.0,1992-11-01,"{""type"":""MultiPoint"",""coordinates"":[]}"
199212,0.0,1992-12-01,"{""type"":""MultiPoint"",""coordinates"":[]}"
199301,0.0,1993-01-01,"{""type"":""MultiPoint"",""coordinates"":[]}"
199302,0.0,1993-02-01,"{""type"":""MultiPoint"",""coordinates"":[]}"
199303,0.0,1993-03-01,"{""type"":""MultiPoint"",""coordinates"":[]}"
199304,0.0,1993-04-01,"{""type"":""MultiPoint"",""coordinates"":[]}"
199305,389.0,1993-05-01,"{""type"":""MultiPoint"",""coordinates"":[]}"
199306,1389.0,1993-06-01,"{""type"":""MultiPoint"",""coordinates"":[]}"
199307,1289.0,1993-07-01,"{""type"":""MultiPoint"",""coordinates"":[]}"
199308,0.0,1993-08-01,"{""type"":""MultiPoint"",""coordinates"":[]}"
199309,451.0,1993-09-01,"{""type"":""MultiPoint"",""coordinates"":[]}"
199310,402.0,1993-10-01,"{""type"":""MultiPoint"",""coordinates"":[]}"
199311,0.0,1993-11-01,"{""type"":""MultiPoint"",""coordinates"":[]}"
199312,0.0,1993-12-01,"{""type"":""MultiPoint"",""coordinates"":[]}"
199401,0.0,1994-01-01,"{""type"":""MultiPoint"",""coordinates"":[]}"
199402,0.0,1994-02-01,"{""type"":""MultiPoint"",""coordinates"":[]}"
199403,0.0,1994-03-01,"{""type"":""MultiPoint"",""coordinates"":[]}"
199404,0.0,1994-04-01,"{""type"":""MultiPoint"",""coordinates"":[]}"
199405,188.0,1994-05-01,"{""type"":""MultiPoint"",""coordinates"":[]}"
199406,1436.0,1994-06-01,"{""type"":""MultiPoint"",""coordinates"":[]}"
199407,897.0,1994-07-01,"{""type"":""MultiPoint"",""coordinates"":[]}"
199408,38.0,1994-08-01,"{""type"":""MultiPoint"",""coordinates"":[]}"
199409,450.0,1994-09-01,"{""type"":""MultiPoint"",""coordinates"":[]}"
199410,0.0,1994-10-01,"{""type"":""MultiPoint"",""coordinates"":[]}"
199411,0.0,1994-11-01,"{""type"":""MultiPoint"",""coordinates"":[]}"
199412,0.0,1994-12-01,"{""type"":""MultiPoint"",""coordinates"":[]}"
199501,0.0,1995-01-01,"{""type"":""MultiPoint"",""coordinates"":[]}"
199502,0.0,1995-02-01,"{""type"":""MultiPoint"",""coordinates"":[]}"
199503,0.0,1995-03-01,"{""type"":""MultiPoint"",""coordinates"":[]}"
199504,0.0,1995-04-01,"{""type"":""MultiPoint"",""coordinates"":[]}"
199505,142.0,1995-05-01,"{""type"":""MultiPoint"",""coordinates"":[]}"
199506,1027.0,1995-06-01,"{""type"":""MultiPoint"",""coordinates"":[]}"
199507,1029.0,1995-07-01,"{""type"":""MultiPoint"",""coordinates"":[]}"
199508,631.0,1995-08-01,"{""type"":""MultiPoint"",""coordinates"":[]}"
199509,347.0,1995-09-01,"{""type"":""MultiPoint"",""coordinates"":[]}"
199510,988.0,1995-10-01,"{""type"":""MultiPoint"",""coordinates"":[]}"
199511,338.0,1995-11-01,"{""type"":""MultiPoint"",""coordinates"":[]}"
199512,0.0,1995-12-01,"{""type"":""MultiPoint"",""coordinates"":[]}"
199601,0.0,1996-01-01,"{""type"":""MultiPoint"",""coordinates"":[]}"
199602,0.0,1996-02-01,"{""type"":""MultiPoint"",""coordinates"":[]}"
199603,0.0,1996-03-01,"{""type"":""MultiPoint"",""coordinates"":[]}"
199604,207.0,1996-04-01,"{""type"":""MultiPoint"",""coordinates"":[]}"
199605,1619.0,1996-05-01,"{""type"":""MultiPoint"",""coordinates"":[]}"
199606,684.0,1996-06-01,"{""type"":""MultiPoint"",""coordinates"":[]}"
199607,693.0,1996-07-01,"{""type"":""MultiPoint"",""coordinates"":[]}"
199608,440.0,1996-08-01,"{""type"":""MultiPoint"",""coordinates"":[]}"
199609,548.0,1996-09-01,"{""type"":""MultiPoint"",""coordinates"":[]}"
199610,89.0,1996-10-01,"{""type"":""MultiPoint"",""coordinates"":[]}"
199611,0.0,1996-11-01,"{""type"":""MultiPoint"",""coordinates"":[]}"
199612,0.0,1996-12-01,"{""type"":""MultiPoint"",""coordinates"":[]}"
199701,0.0,1997-01-01,"{""type"":""MultiPoint"",""coordinates"":[]}"
199702,0.0,1997-02-01,"{""type"":""MultiPoint"",""coordinates"":[]}"
199703,0.0,1997-03-01,"{""type"":""MultiPoint"",""coordinates"":[]}"
199704,0.0,1997-04-01,"{""type"":""MultiPoint"",""coordinates"":[]}"
199705,0.0,1997-05-01,"{""type"":""MultiPoint"",""coordinates"":[]}"
199706,446.0,1997-06-01,"{""type"":""MultiPoint"",""coordinates"":[]}"
199707,155.0,1997-07-01,"{""type"":""MultiPoint"",""coordinates"":[]}"
199708,33.0,1997-08-01,"{""type"":""MultiPoint"",""coordinates"":[]}"
199709,0.0,1997-09-01,"{""type"":""MultiPoint"",""coordinates"":[]}"
199710,432.0,1997-10-01,"{""type"":""MultiPoint"",""coordinates"":[]}"
199711,0.0,1997-11-01,"{""type"":""MultiPoint"",""coordinates"":[]}"
199712,0.0,1997-12-01,"{""type"":""MultiPoint"",""coordinates"":[]}"
199801,0.0,1998-01-01,"{""type"":""MultiPoint"",""coordinates"":[]}"
199802,0.0,1998-02-01,"{""type"":""MultiPoint"",""coordinates"":[]}"
199803,0.0,1998-03-01,"{""type"":""MultiPoint"",""coordinates"":[]}"
199804,0.0,1998-04-01,"{""type"":""MultiPoint"",""coordinates"":[]}"
199805,0.0,1998-05-01,"{""type"":""MultiPoint"",""coordinates"":[]}"
199806,1061.0,1998-06-01,"{""type"":""MultiPoint"",""coordinates"":[]}"
199807,0.0,1998-07-01,"{""type"":""MultiPoint"",""coordinates"":[]}"
199808,192.0,1998-08-01,"{""type"":""MultiPoint"",""coordinates"":[]}"
199809,696.0,1998-09-01,"{""type"":""MultiPoint"",""coordinates"":[]}"
199810,0.0,1998-10-01,"{""type"":""MultiPoint"",""coordinates"":[]}"
199811,0.0,1998-11-01,"{""type"":""MultiPoint"",""coordinates"":[]}"
199812,0.0,1998-12-01,"{""type"":""MultiPoint"",""coordinates"":[]}"
199901,0.0,1999-01-01,"{""type"":""MultiPoint"",""coordinates"":[]}"
199902,0.0,1999-02-01,"{""type"":""MultiPoint"",""coordinates"":[]}"
199903,0.0,1999-03-01,"{""type"":""MultiPoint"",""coordinates"":[]}"
199904,0.0,1999-04-01,"{""type"":""MultiPoint"",""coordinates"":[]}"
199905,103.0,1999-05-01,"{""type"":""MultiPoint"",""coordinates"":[]}"
199906,725.0,1999-06-01,"{""type"":""MultiPoint"",""coordinates"":[]}"
199907,13.0,1999-07-01,"{""type"":""MultiPoint"",""coordinates"":[]}"
199908,0.0,1999-08-01,"{""type"":""MultiPoint"",""coordinates"":[]}"
199909,236.0,1999-09-01,"{""type"":""MultiPoint"",""coordinates"":[]}"
199910,621.0,1999-10-01,"{""type"":""MultiPoint"",""coordinates"":[]}"
199911,404.0,1999-11-01,"{""type"":""MultiPoint"",""coordinates"":[]}"
199912,0.0,1999-12-01,"{""type"":""MultiPoint"",""coordinates"":[]}"
200001,0.0,2000-01-01,"{""type"":""MultiPoint"",""coordinates"":[]}"
200002,0.0,2000-02-01,"{""type"":""MultiPoint"",""coordinates"":[]}"
200003,0.0,2000-03-01,"{""type"":""MultiPoint"",""coordinates"":[]}"
200004,0.0,2000-04-01,"{""type"":""MultiPoint"",""coordinates"":[]}"
200005,904.0,2000-05-01,"{""type"":""MultiPoint"",""coordinates"":[]}"
200006,1000.0,2000-06-01,"{""type"":""MultiPoint"",""coordinates"":[]}"
200007,718.0,2000-07-01,"{""type"":""MultiPoint"",""coordinates"":[]}"
200008,609.0,2000-08-01,"{""type"":""MultiPoint"",""coordinates"":[]}"
200009,967.0,2000-09-01,"{""type"":""MultiPoint"",""coordinates"":[]}"
200010,0.0,2000-10-01,"{""type"":""MultiPoint"",""coordinates"":[]}"
200011,0.0,2000-11-01,"{""type"":""MultiPoint"",""coordinates"":[]}"
200012,0.0,2000-12-01,"{""type"":""MultiPoint"",""coordinates"":[]}"
200101,0.0,2001-01-01,"{""type"":""MultiPoint"",""coordinates"":[]}"
200102,0.0,2001-02-01,"{""type"":""MultiPoint"",""coordinates"":[]}"
200103,0.0,2001-03-01,"{""type"":""MultiPoint"",""coordinates"":[]}"
200104,0.0,2001-04-01,"{""type"":""MultiPoint"",""coordinates"":[]}"
200105,564.0,2001-05-01,"{""type"":""MultiPoint"",""coordinates"":[]}"
200106,1399.0,2001-06-01,"{""type"":""MultiPoint"",""coordinates"":[]}"
200107,603.0,2001-07-01,"{""type"":""MultiPoint"",""coordinates"":[]}"
200108,234.0,2001-08-01,"{""type"":""MultiPoint"",""coordinates"":[]}"
200109,1015.0,2001-09-01,"{""type"":""MultiPoint"",""coordinates"":[]}"
200110,766.0,2001-10-01,"{""type"":""MultiPoint"",""coordinates"":[]}"
200111,0.0,2001-11-01,"{""type"":""MultiPoint"",""coordinates"":[]}"
200112,0.0,2001-12-01,"{""type"":""MultiPoint"",""coordinates"":[]}"
200201,0.0,2002-01-01,"{""type"":""MultiPoint"",""coordinates"":[]}"
200202,0.0,2002-02-01,"{""type"":""MultiPoint"",""coordinates"":[]}"
200203,0.0,2002-03-01,"{""type"":""MultiPoint"",""coordinates"":[]}"
200204,134.0,2002-04-01,"{""type"":""MultiPoint"",""coordinates"":[]}"
200205,1386.0,2002-05-01,"{""type"":""MultiPoint"",""coordinates"":[]}"
200206,1340.0,2002-06-01,"{""type"":""MultiPoint"",""coordinates"":[]}"
200207,656.0,2002-07-01,"{""type"":""MultiPoint"",""coordinates"":[]}"
200208,808.0,2002-08-01,"{""type"":""MultiPoint"",""coordinates"":[]}"
200209,6.0,2002-09-01,"{""type"":""MultiPoint"",""coordinates"":[]}"
200210,219.0,2002-10-01,"{""type"":""MultiPoint"",""coordinates"":[]}"
200211,0.0,2002-11-01,"{""type"":""MultiPoint"",""coordinates"":[]}"
200212,0.0,2002-12-01,"{""type"":""MultiPoint"",""coordinates"":[]}"
200301,0.0,2003-01-01,"{""type"":""MultiPoint"",""coordinates"":[]}"
200302,0.0,2003-02-01,"{""type"":""MultiPoint"",""coordinates"":[]}"
200303,0.0,2003-03-01,"{""type"":""MultiPoint"",""coordinates"":[]}"
200304,0.0,2003-04-01,"{""type"":""MultiPoint"",""coordinates"":[]}"
200305,667.0,2003-05-01,"{""type"":""MultiPoint"",""coordinates"":[]}"
200306,1238.0,2003-06-01,"{""type"":""MultiPoint"",""coordinates"":[]}"
200307,1232.0,2003-07-01,"{""type"":""MultiPoint"",""coordinates"":[]}"
200308,526.0,2003-08-01,"{""type"":""MultiPoint"",""coordinates"":[]}"
200309,537.0,2003-09-01,"{""type"":""MultiPoint"",""coordinates"":[]}"
200310,366.0,2003-10-01,"{""type"":""MultiPoint"",""coordinates"":[]}"
200311,0.0,2003-11-01,"{""type"":""MultiPoint"",""coordinates"":[]}"
200312,0.0,2003-12-01,"{""type"":""MultiPoint"",""coordinates"":[]}"
200401,0.0,2004-01-01,"{""type"":""MultiPoint"",""coordinates"":[]}"
200402,0.0,2004-02-01,"{""type"":""MultiPoint"",""coordinates"":[]}"
200403,0.0,2004-03-01,"{""type"":""MultiPoint"",""coordinates"":[]}"
200404,0.0,2004-04-01,"{""type"":""MultiPoint"",""coordinates"":[]}"
200405,917.0,2004-05-01,"{""type"":""MultiPoint"",""coordinates"":[]}"
200406,1126.0,2004-06-01,"{""type"":""MultiPoint"",""coordinates"":[]}"
200407,726.0,2004-07-01,"{""type"":""MultiPoint"",""coordinates"":[]}"
200408,828.0,2004-08-01,"{""type"":""MultiPoint"",""coordinates"":[]}"
200409,444.0,2004-09-01,"{""type"":""MultiPoint"",""coordinates"":[]}"
200410,186.0,2004-10-01,"{""type"":""MultiPoint"",""coordinates"":[]}"
200411,0.0,2004-11-01,"{""type"":""MultiPoint"",""coordinates"":[]}"
200412,0.0,2004-12-01,"{""type"":""MultiPoint"",""coordinates"":[]}"
200501,0.0,2005-01-01,"{""type"":""MultiPoint"",""coordinates"":[]}"
200502,0.0,2005-02-01,"{""type"":""MultiPoint"",""coordinates"":[]}"
200503,0.0,2005-03-01,"{""type"":""MultiPoint"",""coordinates"":[]}"
200504,0.0,2005-04-01,"{""type"":""MultiPoint"",""coordinates"":[]}"
200505,213.0,2005-05-01,"{""type"":""MultiPoint"",""coordinates"":[]}"
200506,1303.0,2005-06-01,"{""type"":""MultiPoint"",""coordinates"":[]}"
200507,1100.0,2005-07-01,"{""type"":""MultiPoint"",""coordinates"":[]}"
200508,434.0,2005-08-01,"{""type"":""MultiPoint"",""coordinates"":[]}"
200509,190.0,2005-09-01,"{""type"":""MultiPoint"",""coordinates"":[]}"
200510,251.0,2005-10-01,"{""type"":""MultiPoint"",""coordinates"":[]}"
200511,358.0,2005-11-01,"{""type"":""MultiPoint"",""coordinates"":[]}"
200512,0.0,2005-12-01,"{""type"":""MultiPoint"",""coordinates"":[]}"
200601,0.0,2006-01-01,"{""type"":""MultiPoint"",""coordinates"":[]}"
200602,0.0,2006-02-01,"{""type"":""MultiPoint"",""coordinates"":[]}"
200603,0.0,2006-03-01,"{""type"":""MultiPoint"",""coordinates"":[]}"
200604,298.0,2006-04-01,"{""type"":""MultiPoint"",""coordinates"":[]}"
200605,1331.0,2006-05-01,"{""type"":""MultiPoint"",""coordinates"":[]}"
200606,1112.0,2006-06-01,"{""type"":""MultiPoint"",""coordinates"":[]}"
200607,0.0,2006-07-01,"{""type"":""MultiPoint"",""coordinates"":[]}"
200608,0.0,2006-08-01,"{""type"":""MultiPoint"",""coordinates"":[]}"
200609,170.0,2006-09-01,"{""type"":""MultiPoint"",""coordinates"":[]}"
200610,21.0,2006-10-01,"{""type"":""MultiPoint"",""coordinates"":[]}"
200611,143.0,2006-11-01,"{""type"":""MultiPoint"",""coordinates"":[]}"
200612,0.0,2006-12-01,"{""type"":""MultiPoint"",""coordinates"":[]}"
200701,0.0,2007-01-01,"{""type"":""MultiPoint"",""coordinates"":[]}"
200702,0.0,2007-02-01,"{""type"":""MultiPoint"",""coordinates"":[]}"
200703,0.0,2007-03-01,"{""type"":""MultiPoint"",""coordinates"":[]}"
200704,0.0,2007-04-01,"{""type"":""MultiPoint"",""coordinates"":[]}"
200705,191.0,2007-05-01,"{""type"":""MultiPoint"",""coordinates"":[]}"
200706,1211.0,2007-06-01,"{""type"":""MultiPoint"",""coordinates"":[]}"
200707,315.0,2007-07-01,"{""type"":""MultiPoint"",""coordinates"":[]}"
200708,313.0,2007-08-01,"{""type"":""MultiPoint"",""coordinates"":[]}"
200709,394.0,2007-09-01,"{""type"":""MultiPoint"",""coordinates"":[]}"
200710,801.0,2007-10-01,"{""type"":""MultiPoint"",""coordinates"":[]}"
200711,222.0,2007-11-01,"{""type"":""MultiPoint"",""coordinates"":[]}"
200712,0.0,2007-12-01,"{""type"":""MultiPoint"",""coordinates"":[]}"
200801,0.0,2008-01-01,"{""type"":""MultiPoint"",""coordinates"":[]}"
200802,0.0,2008-02-01,"{""type"":""MultiPoint"",""coordinates"":[]}"
200803,0.0,2008-03-01,"{""type"":""MultiPoint"",""coordinates"":[]}"
200804,0.0,2008-04-01,"{""type"":""MultiPoint"",""coordinates"":[]}"
200805,338.0,2008-05-01,"{""type"":""MultiPoint"",""coordinates"":[]}"
200806,1374.0,2008-06-01,"{""type"":""MultiPoint"",""coordinates"":[]}"
200807,150.0,2008-07-01,"{""type"":""MultiPoint"",""coordinates"":[]}"
200808,255.0,2008-08-01,"{""type"":""MultiPoint"",""coordinates"":[]}"
200809,762.0,2008-09-01,"{""type"":""MultiPoint"",""coordinates"":[]}"
200810,312.0,2008-10-01,"{""type"":""MultiPoint"",""coordinates"":[]}"
200811,60.0,2008-11-01,"{""type"":""MultiPoint"",""coordinates"":[]}"
200812,0.0,2008-12-01,"{""type"":""MultiPoint"",""coordinates"":[]}"
200901,0.0,2009-01-01,"{""type"":""MultiPoint"",""coordinates"":[]}"
200902,0.0,2009-02-01,"{""type"":""MultiPoint"",""coordinates"":[]}"
200903,0.0,2009-03-01,"{""type"":""MultiPoint"",""coordinates"":[]}"
200904,0.0,2009-04-01,"{""type"":""MultiPoint"",""coordinates"":[]}"
200905,437.0,2009-05-01,"{""type"":""MultiPoint"",""coordinates"":[]}"
200906,755.0,2009-06-01,"{""type"":""MultiPoint"",""coordinates"":[]}"
200907,535.0,2009-07-01,"{""type"":""MultiPoint"",""coordinates"":[]}"
200908,931.0,2009-08-01,"{""type"":""MultiPoint"",""coordinates"":[]}"
200909,150.0,2009-09-01,"{""type"":""MultiPoint"",""coordinates"":[]}"
200910,238.0,2009-10-01,"{""type"":""MultiPoint"",""coordinates"":[]}"
200911,267.0,2009-11-01,"{""type"":""MultiPoint"",""coordinates"":[]}"
200912,0.0,2009-12-01,"{""type"":""MultiPoint"",""coordinates"":[]}"
201001,0.0,2010-01-01,"{""type"":""MultiPoint"",""coordinates"":[]}"
201002,0.0,2010-02-01,"{""type"":""MultiPoint"",""coordinates"":[]}"
201003,0.0,2010-03-01,"{""type"":""MultiPoint"",""coordinates"":[]}"
201004,0.0,2010-04-01,"{""type"":""MultiPoint"",""coordinates"":[]}"
201005,679.0,2010-05-01,"{""type"":""MultiPoint"",""coordinates"":[]}"
201006,1348.0,2010-06-01,"{""type"":""MultiPoint"",""coordinates"":[]}"
201007,296.0,2010-07-01,"{""type"":""MultiPoint"",""coordinates"":[]}"
201008,581.0,2010-08-01,"{""type"":""MultiPoint"",""coordinates"":[]}"
201009,676.0,2010-09-01,"{""type"":""MultiPoint"",""coordinates"":[]}"
201010,444.0,2010-10-01,"{""type"":""MultiPoint"",""coordinates"":[]}"
201011,14.0,2010-11-01,"{""type"":""MultiPoint"",""coordinates"":[]}"
201012,0.0,2010-12-01,"{""type"":""MultiPoint"",""coordinates"":[]}"
201101,0.0,2011-01-01,"{""type"":""MultiPoint"",""coordinates"":[]}"
201102,0.0,2011-02-01,"{""type"":""MultiPoint"",""coordinates"":[]}"
201103,0.0,2011-03-01,"{""type"":""MultiPoint"",""coordinates"":[]}"
201104,167.0,2011-04-01,"{""type"":""MultiPoint"",""coordinates"":[]}"
201105,1108.0,2011-05-01,"{""type"":""MultiPoint"",""coordinates"":[]}"
201106,1665.0,2011-06-01,"{""type"":""MultiPoint"",""coordinates"":[]}"
201107,911.0,2011-07-01,"{""type"":""MultiPoint"",""coordinates"":[]}"
201108,841.0,2011-08-01,"{""type"":""MultiPoint"",""coordinates"":[]}"
201109,684.0,2011-09-01,"{""type"":""MultiPoint"",""coordinates"":[]}"
201110,205.0,2011-10-01,"{""type"":""MultiPoint"",""coordinates"":[]}"
201111,4.0,2011-11-01,"{""type"":""MultiPoint"",""coordinates"":[]}"
201112,0.0,2011-12-01,"{""type"":""MultiPoint"",""coordinates"":[]}"
201201,0.0,2012-01-01,"{""type"":""MultiPoint"",""coordinates"":[]}"
201202,0.0,2012-02-01,"{""type"":""MultiPoint"",""coordinates"":[]}"
201203,0.0,2012-03-01,"{""type"":""MultiPoint"",""coordinates"":[]}"
201204,0.0,2012-04-01,"{""type"":""MultiPoint"",""coordinates"":[]}"
201205,846.0,2012-05-01,"{""type"":""MultiPoint"",""coordinates"":[]}"
201206,1477.0,2012-06-01,"{""type"":""MultiPoint"",""coordinates"":[]}"
201207,819.0,2012-07-01,"{""type"":""MultiPoint"",""coordinates"":[]}"
201208,587.0,2012-08-01,"{""type"":""MultiPoint"",""coordinates"":[]}"
201209,795.0,2012-09-01,"{""type"":""MultiPoint"",""coordinates"":[]}"
201210,788.0,2012-10-01,"{""type"":""MultiPoint"",""coordinates"":[]}"
201211,332.0,2012-11-01,"{""type"":""MultiPoint"",""coordinates"":[]}"
201212,0.0,2012-12-01,"{""type"":""MultiPoint"",""coordinates"":[]}"
201301,0.0,2013-01-01,"{""type"":""MultiPoint"",""coordinates"":[]}"
201302,0.0,2013-02-01,"{""type"":""MultiPoint"",""coordinates"":[]}"
201303,0.0,2013-03-01,"{""type"":""MultiPoint"",""coordinates"":[]}"
201304,0.0,2013-04-01,"{""type"":""MultiPoint"",""coordinates"":[]}"
201305,927.0,2013-05-01,"{""type"":""MultiPoint"",""coordinates"":[]}"
201306,1525.0,2013-06-01,"{""type"":""MultiPoint"",""coordinates"":[]}"
201307,0.0,2013-07-01,"{""type"":""MultiPoint"",""coordinates"":[]}"
201308,470.0,2013-08-01,"{""type"":""MultiPoint"",""coordinates"":[]}"
201309,0.0,2013-09-01,"{""type"":""MultiPoint"",""coordinates"":[]}"
201310,501.0,2013-10-01,"{""type"":""MultiPoint"",""coordinates"":[]}"
201311,0.0,2013-11-01,"{""type"":""MultiPoint"",""coordinates"":[]}"
201312,0.0,2013-12-01,"{""type"":""MultiPoint"",""coordinates"":[]}"
201401,0.0,2014-01-01,"{""type"":""MultiPoint"",""coordinates"":[]}"
201402,0.0,2014-02-01,"{""type"":""MultiPoint"",""coordinates"":[]}"
201403,0.0,2014-03-01,"{""type"":""MultiPoint"",""coordinates"":[]}"
201404,0.0,2014-04-01,"{""type"":""MultiPoint"",""coordinates"":[]}"
201405,491.0,2014-05-01,"{""type"":""MultiPoint"",""coordinates"":[]}"
201406,1455.0,2014-06-01,"{""type"":""MultiPoint"",""coordinates"":[]}"
201407,0.0,2014-07-01,"{""type"":""MultiPoint"",""coordinates"":[]}"
201408,130.0,2014-08-01,"{""type"":""MultiPoint"",""coordinates"":[]}"
201409,219.0,2014-09-01,"{""type"":""MultiPoint"",""coordinates"":[]}"
201410,430.0,2014-10-01,"{""type"":""MultiPoint"",""coordinates"":[]}"
201411,0.0,2014-11-01,"{""type"":""MultiPoint"",""coordinates"":[]}"
201412,0.0,2014-12-01,"{""type"":""MultiPoint"",""coordinates"":[]}"
201501,0.0,2015-01-01,"{""type"":""MultiPoint"",""coordinates"":[]}"
201502,0.0,2015-02-01,"{""type"":""MultiPoint"",""coordinates"":[]}"
201503,0.0,2015-03-01,"{""type"":""MultiPoint"",""coordinates"":[]}"
201504,0.0,2015-04-01,"{""type"":""MultiPoint"",""coordinates"":[]}"
201505,44.0,2015-05-01,"{""type"":""MultiPoint"",""coordinates"":[]}"
201506,711.0,2015-06-01,"{""type"":""MultiPoint"",""coordinates"":[]}"
201507,0.0,2015-07-01,"{""type"":""MultiPoint"",""coordinates"":[]}"
201508,251.0,2015-08-01,"{""type"":""MultiPoint"",""coordinates"":[]}"
201509,486.0,2015-09-01,"{""type"":""MultiPoint"",""coordinates"":[]}"
201510,0.0,2015-10-01,"{""type"":""MultiPoint"",""coordinates"":[]}"
201511,0.0,2015-11-01,"{""type"":""MultiPoint"",""coordinates"":[]}"
201512,0.0,2015-12-01,"{""type"":""MultiPoint"",""coordinates"":[]}"
201601,0.0,2016-01-01,"{""type"":""MultiPoint"",""coordinates"":[]}"
201602,0.0,2016-02-01,"{""type"":""MultiPoint"",""coordinates"":[]}"
201603,0.0,2016-03-01,"{""type"":""MultiPoint"",""coordinates"":[]}"
201604,0.0,2016-04-01,"{""type"":""MultiPoint"",""coordinates"":[]}"
201605,659.0,2016-05-01,"{""type"":""MultiPoint"",""coordinates"":[]}"
201606,1092.0,2016-06-01,"{""type"":""MultiPoint"",""coordinates"":[]}"
201607,1043.0,2016-07-01,"{""type"":""MultiPoint"",""coordinates"":[]}"
201608,77.0,2016-08-01,"{""type"":""MultiPoint"",""coordinates"":[]}"
201609,601.0,2016-09-01,"{""type"":""MultiPoint"",""coordinates"":[]}"
201610,860.0,2016-10-01,"{""type"":""MultiPoint"",""coordinates"":[]}"
201611,40.0,2016-11-01,"{""type"":""MultiPoint"",""coordinates"":[]}"
201612,0.0,2016-12-01,"{""type"":""MultiPoint"",""coordinates"":[]}"
201701,0.0,2017-01-01,"{""type"":""MultiPoint"",""coordinates"":[]}"
201702,0.0,2017-02-01,"{""type"":""MultiPoint"",""coordinates"":[]}"
201703,0.0,2017-03-01,"{""type"":""MultiPoint"",""coordinates"":[]}"
201704,237.0,2017-04-01,"{""type"":""MultiPoint"",""coordinates"":[]}"
201705,1064.0,2017-05-01,"{""type"":""MultiPoint"",""coordinates"":[]}"
201706,1392.0,2017-06-01,"{""type"":""MultiPoint"",""coordinates"":[]}"
201707,393.0,2017-07-01,"{""type"":""MultiPoint"",""coordinates"":[]}"
201708,437.0,2017-08-01,"{""type"":""MultiPoint"",""coordinates"":[]}"
201709,399.0,2017-09-01,"{""type"":""MultiPoint"",""coordinates"":[]}"
201710,443.0,2017-10-01,"{""type"":""MultiPoint"",""coordinates"":[]}"
201711,584.0,2017-11-01,"{""type"":""MultiPoint"",""coordinates"":[]}"
201712,0.0,2017-12-01,"{""type"":""MultiPoint"",""coordinates"":[]}"
201801,0.0,2018-01-01,"{""type"":""MultiPoint"",""coordinates"":[]}"
201802,0.0,2018-02-01,"{""type"":""MultiPoint"",""coordinates"":[]}"
201803,0.0,2018-03-01,"{""type"":""MultiPoint"",""coordinates"":[]}"
201804,419.0,2018-04-01,"{""type"":""MultiPoint"",""coordinates"":[]}"
201805,1482.0,2018-05-01,"{""type"":""MultiPoint"",""coordinates"":[]}"
201806,1230.0,2018-06-01,"{""type"":""MultiPoint"",""coordinates"":[]}"
201807,280.0,2018-07-01,"{""type"":""MultiPoint"",""coordinates"":[]}"
201808,619.0,2018-08-01,"{""type"":""MultiPoint"",""coordinates"":[]}"
201809,846.0,2018-09-01,"{""type"":""MultiPoint"",""coordinates"":[]}"
201810,0.0,2018-10-01,"{""type"":""MultiPoint"",""coordinates"":[]}"
201811,2.0,2018-11-01,"{""type"":""MultiPoint"",""coordinates"":[]}"
201812,0.0,2018-12-01,"{""type"":""MultiPoint"",""coordinates"":[]}"
201901,0.0,2019-01-01,"{""type"":""MultiPoint"",""coordinates"":[]}"
201902,0.0,2019-02-01,"{""type"":""MultiPoint"",""coordinates"":[]}"
201903,0.0,2019-03-01,"{""type"":""MultiPoint"",""coordinates"":[]}"
201904,0.0,2019-04-01,"{""type"":""MultiPoint"",""coordinates"":[]}"
201905,283.0,2019-05-01,"{""type"":""MultiPoint"",""coordinates"":[]}"
201906,1021.0,2019-06-01,"{""type"":""MultiPoint"",""coordinates"":[]}"
201907,740.0,2019-07-01,"{""type"":""MultiPoint"",""coordinates"":[]}"
201908,1027.0,2019-08-01,"{""type"":""MultiPoint"",""coordinates"":[]}"
201909,995.0,2019-09-01,"{""type"":""MultiPoint"",""coordinates"":[]}"
201910,719.0,2019-10-01,"{""type"":""MultiPoint"",""coordinates"":[]}"
201911,0.0,2019-11-01,"{""type"":""MultiPoint"",""coordinates"":[]}"
201912,0.0,2019-12-01,"{""type"":""MultiPoint"",""coordinates"":[]}"
202001,0.0,2020-01-01,"{""type"":""MultiPoint"",""coordinates"":[]}"
202002,0.0,2020-02-01,"{""type"":""MultiPoint"",""coordinates"":[]}"
202003,0.0,2020-03-01,"{""type"":""MultiPoint"",""coordinates"":[]}"
202004,0.0,2020-04-01,"{""type"":""MultiPoint"",""coordinates"":[]}"
202005,1067.0,2020-05-01,"{""type"":""MultiPoint"",""coordinates"":[]}"
202006,1470.0,2020-06-01,"{""type"":""MultiPoint"",""coordinates"":[]}"
202007,760.0,2020-07-01,"{""type"":""MultiPoint"",""coordinates"":[]}"
202008,1315.0,2020-08-01,"{""type"":""MultiPoint"",""coordinates"":[]}"
202009,725.0,2020-09-01,"{""type"":""MultiPoint"",""coordinates"":[]}"
202010,703.0,2020-10-01,"{""type"":""MultiPoint"",""coordinates"":[]}"
202011,268.0,2020-11-01,"{""type"":""MultiPoint"",""coordinates"":[]}"
202012,0.0,2020-12-01,"{""type"":""MultiPoint"",""coordinates"":[]}"
202101,0.0,2021-01-01,"{""type"":""MultiPoint"",""coordinates"":[]}"
202102,0.0,2021-02-01,"{""type"":""MultiPoint"",""coordinates"":[]}"
202103,0.0,2021-03-01,"{""type"":""MultiPoint"",""coordinates"":[]}"
202104,0.0,2021-04-01,"{""type"":""MultiPoint"",""coordinates"":[]}"
202105,1058.0,2021-05-01,"{""type"":""MultiPoint"",""coordinates"":[]}"
202106,1189.0,2021-06-01,"{""type"":""MultiPoint"",""coordinates"":[]}"
202107,172.0,2021-07-01,"{""type"":""MultiPoint"",""coordinates"":[]}"
202108,1003.0,2021-08-01,"{""type"":""MultiPoint"",""coordinates"":[]}"
202109,851.0,2021-09-01,"{""type"":""MultiPoint"",""coordinates"":[]}"
202110,745.0,2021-10-01,"{""type"":""MultiPoint"",""coordinates"":[]}"
202111,583.0,2021-11-01,"{""type"":""MultiPoint"",""coordinates"":[]}"
202112,0.0,2021-12-01,"{""type"":""MultiPoint"",""coordinates"":[]}"
202201,0.0,2022-01-01,"{""type"":""MultiPoint"",""coordinates"":[]}"
202202,0.0,2022-02-01,"{""type"":""MultiPoint"",""coordinates"":[]}"
202203,0.0,2022-03-01,"{""type"":""MultiPoint"",""coordinates"":[]}"
202204,0.0,2022-04-01,"{""type"":""MultiPoint"",""coordinates"":[]}"
202205,1487.0,2022-05-01,"{""type"":""MultiPoint"",""coordinates"":[]}"
202206,81.0,2022-06-01,"{""type"":""MultiPoint"",""coordinates"":[]}"
202207,130.0,2022-07-01,"{""type"":""MultiPoint"",""coordinates"":[]}"
202208,326.0,2022-08-01,"{""type"":""MultiPoint"",""coordinates"":[]}"
202209,762.0,2022-09-01,"{""type"":""MultiPoint"",""coordinates"":[]}"
202210,125.0,2022-10-01,"{""type"":""MultiPoint"",""coordinates"":[]}"
202211,0.0,2022-11-01,"{""type"":""MultiPoint"",""coordinates"":[]}"
202212,0.0,2022-12-01,"{""type"":""MultiPoint"",""coordinates"":[]}"
