system:index,aet,date,pet,.geo
195801,0.0,1958-01-01,0.0,"{""type"":""MultiPoint"",""coordinates"":[]}"
195802,0.0,1958-02-01,0.0,"{""type"":""MultiPoint"",""coordinates"":[]}"
195803,0.0,1958-03-01,0.0,"{""type"":""MultiPoint"",""coordinates"":[]}"
195804,181.0,1958-04-01,390.0,"{""type"":""MultiPoint"",""coordinates"":[]}"
195805,1317.0,1958-05-01,1317.0,"{""type"":""MultiPoint"",""coordinates"":[]}"
195806,612.0,1958-06-01,1648.0,"{""type"":""MultiPoint"",""coordinates"":[]}"
195807,367.0,1958-07-01,1646.0,"{""type"":""MultiPoint"",""coordinates"":[]}"
195808,848.0,1958-08-01,1397.0,"{""type"":""MultiPoint"",""coordinates"":[]}"
195809,772.0,1958-09-01,1049.0,"{""type"":""MultiPoint"",""coordinates"":[]}"
195810,477.0,1958-10-01,770.0,"{""type"":""MultiPoint"",""coordinates"":[]}"
195811,98.0,1958-11-01,230.0,"{""type"":""MultiPoint"",""coordinates"":[]}"
195812,2.0,1958-12-01,33.0,"{""type"":""MultiPoint"",""coordinates"":[]}"
195901,0.0,1959-01-01,0.0,"{""type"":""MultiPoint"",""coordinates"":[]}"
195902,0.0,1959-02-01,0.0,"{""type"":""MultiPoint"",""coordinates"":[]}"
195903,0.0,1959-03-01,0.0,"{""type"":""MultiPoint"",""coordinates"":[]}"
195904,803.0,1959-04-01,878.0,"{""type"":""MultiPoint"",""coordinates"":[]}"
195905,870.0,1959-05-01,1339.0,"{""type"":""MultiPoint"",""coordinates"":[]}"
195906,534.0,1959-06-01,1582.0,"{""type"":""MultiPoint"",""coordinates"":[]}"
195907,656.0,1959-07-01,1604.0,"{""type"":""MultiPoint"",""coordinates"":[]}"
195908,1203.0,1959-08-01,1278.0,"{""type"":""MultiPoint"",""coordinates"":[]}"
195909,166.0,1959-09-01,1235.0,"{""type"":""MultiPoint"",""coordinates"":[]}"
195910,803.0,1959-10-01,813.0,"{""type"":""MultiPoint"",""coordinates"":[]}"
195911,12.0,1959-11-01,80.0,"{""type"":""MultiPoint"",""coordinates"":[]}"
195912,0.0,1959-12-01,0.0,"{""type"":""MultiPoint"",""coordinates"":[]}"
196001,0.0,1960-01-01,0.0,"{""type"":""MultiPoint"",""coordinates"":[]}"
196002,0.0,1960-02-01,0.0,"{""type"":""MultiPoint"",""coordinates"":[]}"
196003,8.0,1960-03-01,79.0,"{""type"":""MultiPoint"",""coordinates"":[]}"
196004,953.0,1960-04-01,996.0,"{""type"":""MultiPoint"",""coordinates"":[]}"
196005,695.0,1960-05-01,1371.0,"{""type"":""MultiPoint"",""coordinates"":[]}"
196006,456.0,1960-06-01,1641.0,"{""type"":""MultiPoint"",""coordinates"":[]}"
196007,716.0,1960-07-01,1511.0,"{""type"":""MultiPoint"",""coordinates"":[]}"
196008,509.0,1960-08-01,1444.0,"{""type"":""MultiPoint"",""coordinates"":[]}"
196009,297.0,1960-09-01,1181.0,"{""type"":""MultiPoint"",""coordinates"":[]}"
196010,758.0,1960-10-01,767.0,"{""type"":""MultiPoint"",""coordinates"":[]}"
196011,160.0,1960-11-01,327.0,"{""type"":""MultiPoint"",""coordinates"":[]}"
196012,0.0,1960-12-01,0.0,"{""type"":""MultiPoint"",""coordinates"":[]}"
196101,0.0,1961-01-01,0.0,"{""type"":""MultiPoint"",""coordinates"":[]}"
196102,0.0,1961-02-01,0.0,"{""type"":""MultiPoint"",""coordinates"":[]}"
196103,2.0,1961-03-01,34.0,"{""type"":""MultiPoint"",""coordinates"":[]}"
196104,546.0,1961-04-01,736.0,"{""type"":""MultiPoint"",""coordinates"":[]}"
196105,937.0,1961-05-01,1435.0,"{""type"":""MultiPoint"",""coordinates"":[]}"
196106,399.0,1961-06-01,1595.0,"{""type"":""MultiPoint"",""coordinates"":[]}"
196107,1054.0,1961-07-01,1527.0,"{""type"":""MultiPoint"",""coordinates"":[]}"
196108,1256.0,1961-08-01,1256.0,"{""type"":""MultiPoint"",""coordinates"":[]}"
196109,705.0,1961-09-01,1095.0,"{""type"":""MultiPoint"",""coordinates"":[]}"
196110,546.0,1961-10-01,909.0,"{""type"":""MultiPoint"",""coordinates"":[]}"
196111,2.0,1961-11-01,25.0,"{""type"":""MultiPoint"",""coordinates"":[]}"
196112,0.0,1961-12-01,0.0,"{""type"":""MultiPoint"",""coordinates"":[]}"
196201,0.0,1962-01-01,0.0,"{""type"":""MultiPoint"",""coordinates"":[]}"
196202,0.0,1962-02-01,0.0,"{""type"":""MultiPoint"",""coordinates"":[]}"
196203,0.0,1962-03-01,0.0,"{""type"":""MultiPoint"",""coordinates"":[]}"
196204,987.0,1962-04-01,1014.0,"{""type"":""MultiPoint"",""coordinates"":[]}"
196205,513.0,1962-05-01,1452.0,"{""type"":""MultiPoint"",""coordinates"":[]}"
196206,230.0,1962-06-01,1613.0,"{""type"":""MultiPoint"",""coordinates"":[]}"
196207,1171.0,1962-07-01,1478.0,"{""type"":""MultiPoint"",""coordinates"":[]}"
196208,201.0,1962-08-01,1487.0,"{""type"":""MultiPoint"",""coordinates"":[]}"
196209,719.0,1962-09-01,1063.0,"{""type"":""MultiPoint"",""coordinates"":[]}"
196210,345.0,1962-10-01,878.0,"{""type"":""MultiPoint"",""coordinates"":[]}"
196211,326.0,1962-11-01,410.0,"{""type"":""MultiPoint"",""coordinates"":[]}"
196212,0.0,1962-12-01,0.0,"{""type"":""MultiPoint"",""coordinates"":[]}"
196301,0.0,1963-01-01,0.0,"{""type"":""MultiPoint"",""coordinates"":[]}"
196302,0.0,1963-02-01,0.0,"{""type"":""MultiPoint"",""coordinates"":[]}"
196303,1.0,1963-03-01,24.0,"{""type"":""MultiPoint"",""coordinates"":[]}"
196304,1039.0,1963-04-01,1071.0,"{""type"":""MultiPoint"",""coordinates"":[]}"
196305,544.0,1963-05-01,1423.0,"{""type"":""MultiPoint"",""coordinates"":[]}"
196306,193.0,1963-06-01,1631.0,"{""type"":""MultiPoint"",""coordinates"":[]}"
196307,545.0,1963-07-01,1672.0,"{""type"":""MultiPoint"",""coordinates"":[]}"
196308,1281.0,1963-08-01,1281.0,"{""type"":""MultiPoint"",""coordinates"":[]}"
196309,539.0,1963-09-01,1106.0,"{""type"":""MultiPoint"",""coordinates"":[]}"
196310,379.0,1963-10-01,889.0,"{""type"":""MultiPoint"",""coordinates"":[]}"
196311,99.0,1963-11-01,224.0,"{""type"":""MultiPoint"",""coordinates"":[]}"
196312,0.0,1963-12-01,0.0,"{""type"":""MultiPoint"",""coordinates"":[]}"
196401,0.0,1964-01-01,0.0,"{""type"":""MultiPoint"",""coordinates"":[]}"
196402,0.0,1964-02-01,0.0,"{""type"":""MultiPoint"",""coordinates"":[]}"
196403,0.0,1964-03-01,0.0,"{""type"":""MultiPoint"",""coordinates"":[]}"
196404,228.0,1964-04-01,458.0,"{""type"":""MultiPoint"",""coordinates"":[]}"
196405,1223.0,1964-05-01,1375.0,"{""type"":""MultiPoint"",""coordinates"":[]}"
196406,263.0,1964-06-01,1663.0,"{""type"":""MultiPoint"",""coordinates"":[]}"
196407,1144.0,1964-07-01,1560.0,"{""type"":""MultiPoint"",""coordinates"":[]}"
196408,769.0,1964-08-01,1400.0,"{""type"":""MultiPoint"",""coordinates"":[]}"
196409,610.0,1964-09-01,1085.0,"{""type"":""MultiPoint"",""coordinates"":[]}"
196410,22.0,1964-10-01,940.0,"{""type"":""MultiPoint"",""coordinates"":[]}"
196411,14.0,1964-11-01,85.0,"{""type"":""MultiPoint"",""coordinates"":[]}"
196412,0.0,1964-12-01,0.0,"{""type"":""MultiPoint"",""coordinates"":[]}"
196501,0.0,1965-01-01,0.0,"{""type"":""MultiPoint"",""coordinates"":[]}"
196502,0.0,1965-02-01,0.0,"{""type"":""MultiPoint"",""coordinates"":[]}"
196503,0.0,1965-03-01,0.0,"{""type"":""MultiPoint"",""coordinates"":[]}"
196504,718.0,1965-04-01,819.0,"{""type"":""MultiPoint"",""coordinates"":[]}"
196505,987.0,1965-05-01,1291.0,"{""type"":""MultiPoint"",""coordinates"":[]}"
196506,878.0,1965-06-01,1487.0,"{""type"":""MultiPoint"",""coordinates"":[]}"
196507,1265.0,1965-07-01,1525.0,"{""type"":""MultiPoint"",""coordinates"":[]}"
196508,773.0,1965-08-01,1352.0,"{""type"":""MultiPoint"",""coordinates"":[]}"
196509,648.0,1965-09-01,1113.0,"{""type"":""MultiPoint"",""coordinates"":[]}"
196510,363.0,1965-10-01,924.0,"{""type"":""MultiPoint"",""coordinates"":[]}"
196511,306.0,1965-11-01,501.0,"{""type"":""MultiPoint"",""coordinates"":[]}"
196512,0.0,1965-12-01,0.0,"{""type"":""MultiPoint"",""coordinates"":[]}"
196601,0.0,1966-01-01,0.0,"{""type"":""MultiPoint"",""coordinates"":[]}"
196602,0.0,1966-02-01,0.0,"{""type"":""MultiPoint"",""coordinates"":[]}"
196603,5.0,1966-03-01,59.0,"{""type"":""MultiPoint"",""coordinates"":[]}"
196604,918.0,1966-04-01,990.0,"{""type"":""MultiPoint"",""coordinates"":[]}"
196605,622.0,1966-05-01,1501.0,"{""type"":""MultiPoint"",""coordinates"":[]}"
196606,1043.0,1966-06-01,1588.0,"{""type"":""MultiPoint"",""coordinates"":[]}"
196607,814.0,1966-07-01,1616.0,"{""type"":""MultiPoint"",""coordinates"":[]}"
196608,1110.0,1966-08-01,1373.0,"{""type"":""MultiPoint"",""coordinates"":[]}"
196609,359.0,1966-09-01,1151.0,"{""type"":""MultiPoint"",""coordinates"":[]}"
196610,130.0,1966-10-01,940.0,"{""type"":""MultiPoint"",""coordinates"":[]}"
196611,136.0,1966-11-01,510.0,"{""type"":""MultiPoint"",""coordinates"":[]}"
196612,0.0,1966-12-01,0.0,"{""type"":""MultiPoint"",""coordinates"":[]}"
196701,0.0,1967-01-01,0.0,"{""type"":""MultiPoint"",""coordinates"":[]}"
196702,0.0,1967-02-01,0.0,"{""type"":""MultiPoint"",""coordinates"":[]}"
196703,439.0,1967-03-01,620.0,"{""type"":""MultiPoint"",""coordinates"":[]}"
196704,642.0,1967-04-01,1049.0,"{""type"":""MultiPoint"",""coordinates"":[]}"
196705,185.0,1967-05-01,1380.0,"{""type"":""MultiPoint"",""coordinates"":[]}"
196706,638.0,1967-06-01,1523.0,"{""type"":""MultiPoint"",""coordinates"":[]}"
196707,1219.0,1967-07-01,1545.0,"{""type"":""MultiPoint"",""coordinates"":[]}"
196708,1271.0,1967-08-01,1271.0,"{""type"":""MultiPoint"",""coordinates"":[]}"
196709,768.0,1967-09-01,1081.0,"{""type"":""MultiPoint"",""coordinates"":[]}"
196710,153.0,1967-10-01,969.0,"{""type"":""MultiPoint"",""coordinates"":[]}"
196711,114.0,1967-11-01,446.0,"{""type"":""MultiPoint"",""coordinates"":[]}"
196712,0.0,1967-12-01,0.0,"{""type"":""MultiPoint"",""coordinates"":[]}"
196801,0.0,1968-01-01,0.0,"{""type"":""MultiPoint"",""coordinates"":[]}"
196802,0.0,1968-02-01,0.0,"{""type"":""MultiPoint"",""coordinates"":[]}"
196803,1.0,1968-03-01,31.0,"{""type"":""MultiPoint"",""coordinates"":[]}"
196804,230.0,1968-04-01,459.0,"{""type"":""MultiPoint"",""coordinates"":[]}"
196805,1329.0,1968-05-01,1344.0,"{""type"":""MultiPoint"",""coordinates"":[]}"
196806,527.0,1968-06-01,1698.0,"{""type"":""MultiPoint"",""coordinates"":[]}"
196807,1359.0,1968-07-01,1509.0,"{""type"":""MultiPoint"",""coordinates"":[]}"
196808,1125.0,1968-08-01,1270.0,"{""type"":""MultiPoint"",""coordinates"":[]}"
196809,114.0,1968-09-01,1187.0,"{""type"":""MultiPoint"",""coordinates"":[]}"
196810,149.0,1968-10-01,958.0,"{""type"":""MultiPoint"",""coordinates"":[]}"
196811,14.0,1968-11-01,82.0,"{""type"":""MultiPoint"",""coordinates"":[]}"
196812,0.0,1968-12-01,0.0,"{""type"":""MultiPoint"",""coordinates"":[]}"
196901,1.0,1969-01-01,15.0,"{""type"":""MultiPoint"",""coordinates"":[]}"
196902,0.0,1969-02-01,0.0,"{""type"":""MultiPoint"",""coordinates"":[]}"
196903,0.0,1969-03-01,0.0,"{""type"":""MultiPoint"",""coordinates"":[]}"
196904,977.0,1969-04-01,1003.0,"{""type"":""MultiPoint"",""coordinates"":[]}"
196905,1009.0,1969-05-01,1371.0,"{""type"":""MultiPoint"",""coordinates"":[]}"
196906,524.0,1969-06-01,1592.0,"{""type"":""MultiPoint"",""coordinates"":[]}"
196907,1117.0,1969-07-01,1560.0,"{""type"":""MultiPoint"",""coordinates"":[]}"
196908,1167.0,1969-08-01,1392.0,"{""type"":""MultiPoint"",""coordinates"":[]}"
196909,652.0,1969-09-01,1081.0,"{""type"":""MultiPoint"",""coordinates"":[]}"
196910,790.0,1969-10-01,802.0,"{""type"":""MultiPoint"",""coordinates"":[]}"
196911,18.0,1969-11-01,94.0,"{""type"":""MultiPoint"",""coordinates"":[]}"
196912,0.0,1969-12-01,0.0,"{""type"":""MultiPoint"",""coordinates"":[]}"
197001,0.0,1970-01-01,0.0,"{""type"":""MultiPoint"",""coordinates"":[]}"
197002,1.0,1970-02-01,18.0,"{""type"":""MultiPoint"",""coordinates"":[]}"
197003,0.0,1970-03-01,0.0,"{""type"":""MultiPoint"",""coordinates"":[]}"
197004,103.0,1970-04-01,317.0,"{""type"":""MultiPoint"",""coordinates"":[]}"
197005,1345.0,1970-05-01,1425.0,"{""type"":""MultiPoint"",""coordinates"":[]}"
197006,732.0,1970-06-01,1540.0,"{""type"":""MultiPoint"",""coordinates"":[]}"
197007,1251.0,1970-07-01,1580.0,"{""type"":""MultiPoint"",""coordinates"":[]}"
197008,1020.0,1970-08-01,1399.0,"{""type"":""MultiPoint"",""coordinates"":[]}"
197009,611.0,1970-09-01,1156.0,"{""type"":""MultiPoint"",""coordinates"":[]}"
197010,339.0,1970-10-01,787.0,"{""type"":""MultiPoint"",""coordinates"":[]}"
197011,138.0,1970-11-01,274.0,"{""type"":""MultiPoint"",""coordinates"":[]}"
197012,0.0,1970-12-01,0.0,"{""type"":""MultiPoint"",""coordinates"":[]}"
197101,0.0,1971-01-01,0.0,"{""type"":""MultiPoint"",""coordinates"":[]}"
197102,0.0,1971-02-01,0.0,"{""type"":""MultiPoint"",""coordinates"":[]}"
197103,6.0,1971-03-01,71.0,"{""type"":""MultiPoint"",""coordinates"":[]}"
197104,568.0,1971-04-01,744.0,"{""type"":""MultiPoint"",""coordinates"":[]}"
197105,635.0,1971-05-01,1338.0,"{""type"":""MultiPoint"",""coordinates"":[]}"
197106,137.0,1971-06-01,1665.0,"{""type"":""MultiPoint"",""coordinates"":[]}"
197107,1193.0,1971-07-01,1545.0,"{""type"":""MultiPoint"",""coordinates"":[]}"
197108,983.0,1971-08-01,1273.0,"{""type"":""MultiPoint"",""coordinates"":[]}"
197109,914.0,1971-09-01,1139.0,"{""type"":""MultiPoint"",""coordinates"":[]}"
197110,698.0,1971-10-01,804.0,"{""type"":""MultiPoint"",""coordinates"":[]}"
197111,32.0,1971-11-01,126.0,"{""type"":""MultiPoint"",""coordinates"":[]}"
197112,0.0,1971-12-01,0.0,"{""type"":""MultiPoint"",""coordinates"":[]}"
197201,0.0,1972-01-01,0.0,"{""type"":""MultiPoint"",""coordinates"":[]}"
197202,0.0,1972-02-01,0.0,"{""type"":""MultiPoint"",""coordinates"":[]}"
197203,460.0,1972-03-01,634.0,"{""type"":""MultiPoint"",""coordinates"":[]}"
197204,803.0,1972-04-01,1073.0,"{""type"":""MultiPoint"",""coordinates"":[]}"
197205,282.0,1972-05-01,1377.0,"{""type"":""MultiPoint"",""coordinates"":[]}"
197206,414.0,1972-06-01,1582.0,"{""type"":""MultiPoint"",""coordinates"":[]}"
197207,764.0,1972-07-01,1553.0,"{""type"":""MultiPoint"",""coordinates"":[]}"
197208,1083.0,1972-08-01,1292.0,"{""type"":""MultiPoint"",""coordinates"":[]}"
197209,705.0,1972-09-01,1091.0,"{""type"":""MultiPoint"",""coordinates"":[]}"
197210,728.0,1972-10-01,728.0,"{""type"":""MultiPoint"",""coordinates"":[]}"
197211,0.0,1972-11-01,0.0,"{""type"":""MultiPoint"",""coordinates"":[]}"
197212,0.0,1972-12-01,0.0,"{""type"":""MultiPoint"",""coordinates"":[]}"
197301,0.0,1973-01-01,0.0,"{""type"":""MultiPoint"",""coordinates"":[]}"
197302,0.0,1973-02-01,0.0,"{""type"":""MultiPoint"",""coordinates"":[]}"
197303,0.0,1973-03-01,0.0,"{""type"":""MultiPoint"",""coordinates"":[]}"
197304,10.0,1973-04-01,92.0,"{""type"":""MultiPoint"",""coordinates"":[]}"
197305,1255.0,1973-05-01,1270.0,"{""type"":""MultiPoint"",""coordinates"":[]}"
197306,841.0,1973-06-01,1606.0,"{""type"":""MultiPoint"",""coordinates"":[]}"
197307,1031.0,1973-07-01,1526.0,"{""type"":""MultiPoint"",""coordinates"":[]}"
197308,649.0,1973-08-01,1397.0,"{""type"":""MultiPoint"",""coordinates"":[]}"
197309,540.0,1973-09-01,1177.0,"{""type"":""MultiPoint"",""coordinates"":[]}"
197310,197.0,1973-10-01,911.0,"{""type"":""MultiPoint"",""coordinates"":[]}"
197311,131.0,1973-11-01,435.0,"{""type"":""MultiPoint"",""coordinates"":[]}"
197312,0.0,1973-12-01,0.0,"{""type"":""MultiPoint"",""coordinates"":[]}"
197401,0.0,1974-01-01,0.0,"{""type"":""MultiPoint"",""coordinates"":[]}"
197402,0.0,1974-02-01,0.0,"{""type"":""MultiPoint"",""coordinates"":[]}"
197403,379.0,1974-03-01,568.0,"{""type"":""MultiPoint"",""coordinates"":[]}"
197404,679.0,1974-04-01,854.0,"{""type"":""MultiPoint"",""coordinates"":[]}"
197405,424.0,1974-05-01,1539.0,"{""type"":""MultiPoint"",""coordinates"":[]}"
197406,242.0,1974-06-01,1726.0,"{""type"":""MultiPoint"",""coordinates"":[]}"
197407,1142.0,1974-07-01,1520.0,"{""type"":""MultiPoint"",""coordinates"":[]}"
197408,840.0,1974-08-01,1300.0,"{""type"":""MultiPoint"",""coordinates"":[]}"
197409,355.0,1974-09-01,1121.0,"{""type"":""MultiPoint"",""coordinates"":[]}"
197410,786.0,1974-10-01,786.0,"{""type"":""MultiPoint"",""coordinates"":[]}"
197411,24.0,1974-11-01,111.0,"{""type"":""MultiPoint"",""coordinates"":[]}"
197412,0.0,1974-12-01,0.0,"{""type"":""MultiPoint"",""coordinates"":[]}"
197501,0.0,1975-01-01,0.0,"{""type"":""MultiPoint"",""coordinates"":[]}"
197502,0.0,1975-02-01,0.0,"{""type"":""MultiPoint"",""coordinates"":[]}"
197503,0.0,1975-03-01,0.0,"{""type"":""MultiPoint"",""coordinates"":[]}"
197504,72.0,1975-04-01,262.0,"{""type"":""MultiPoint"",""coordinates"":[]}"
197505,1309.0,1975-05-01,1326.0,"{""type"":""MultiPoint"",""coordinates"":[]}"
197506,573.0,1975-06-01,1642.0,"{""type"":""MultiPoint"",""coordinates"":[]}"
197507,1075.0,1975-07-01,1482.0,"{""type"":""MultiPoint"",""coordinates"":[]}"
197508,694.0,1975-08-01,1343.0,"{""type"":""MultiPoint"",""coordinates"":[]}"
197509,1048.0,1975-09-01,1048.0,"{""type"":""MultiPoint"",""coordinates"":[]}"
197510,70.0,1975-10-01,905.0,"{""type"":""MultiPoint"",""coordinates"":[]}"
197511,34.0,1975-11-01,138.0,"{""type"":""MultiPoint"",""coordinates"":[]}"
197512,0.0,1975-12-01,0.0,"{""type"":""MultiPoint"",""coordinates"":[]}"
197601,0.0,1976-01-01,0.0,"{""type"":""MultiPoint"",""coordinates"":[]}"
197602,1.0,1976-02-01,28.0,"{""type"":""MultiPoint"",""coordinates"":[]}"
197603,1.0,1976-03-01,29.0,"{""type"":""MultiPoint"",""coordinates"":[]}"
197604,774.0,1976-04-01,882.0,"{""type"":""MultiPoint"",""coordinates"":[]}"
197605,911.0,1976-05-01,1328.0,"{""type"":""MultiPoint"",""coordinates"":[]}"
197606,287.0,1976-06-01,1708.0,"{""type"":""MultiPoint"",""coordinates"":[]}"
197607,890.0,1976-07-01,1534.0,"{""type"":""MultiPoint"",""coordinates"":[]}"
197608,780.0,1976-08-01,1364.0,"{""type"":""MultiPoint"",""coordinates"":[]}"
197609,461.0,1976-09-01,1079.0,"{""type"":""MultiPoint"",""coordinates"":[]}"
197610,114.0,1976-10-01,822.0,"{""type"":""MultiPoint"",""coordinates"":[]}"
197611,1.0,1976-11-01,26.0,"{""type"":""MultiPoint"",""coordinates"":[]}"
197612,0.0,1976-12-01,0.0,"{""type"":""MultiPoint"",""coordinates"":[]}"
197701,0.0,1977-01-01,0.0,"{""type"":""MultiPoint"",""coordinates"":[]}"
197702,0.0,1977-02-01,0.0,"{""type"":""MultiPoint"",""coordinates"":[]}"
197703,0.0,1977-03-01,0.0,"{""type"":""MultiPoint"",""coordinates"":[]}"
197704,824.0,1977-04-01,889.0,"{""type"":""MultiPoint"",""coordinates"":[]}"
197705,753.0,1977-05-01,1281.0,"{""type"":""MultiPoint"",""coordinates"":[]}"
197706,294.0,1977-06-01,1652.0,"{""type"":""MultiPoint"",""coordinates"":[]}"
197707,982.0,1977-07-01,1505.0,"{""type"":""MultiPoint"",""coordinates"":[]}"
197708,1240.0,1977-08-01,1373.0,"{""type"":""MultiPoint"",""coordinates"":[]}"
197709,525.0,1977-09-01,1107.0,"{""type"":""MultiPoint"",""coordinates"":[]}"
197710,168.0,1977-10-01,912.0,"{""type"":""MultiPoint"",""coordinates"":[]}"
197711,276.0,1977-11-01,387.0,"{""type"":""MultiPoint"",""coordinates"":[]}"
197712,4.0,1977-12-01,40.0,"{""type"":""MultiPoint"",""coordinates"":[]}"
197801,0.0,1978-01-01,0.0,"{""type"":""MultiPoint"",""coordinates"":[]}"
197802,0.0,1978-02-01,0.0,"{""type"":""MultiPoint"",""coordinates"":[]}"
197803,35.0,1978-03-01,162.0,"{""type"":""MultiPoint"",""coordinates"":[]}"
197804,1005.0,1978-04-01,1034.0,"{""type"":""MultiPoint"",""coordinates"":[]}"
197805,1045.0,1978-05-01,1289.0,"{""type"":""MultiPoint"",""coordinates"":[]}"
197806,650.0,1978-06-01,1624.0,"{""type"":""MultiPoint"",""coordinates"":[]}"
197807,505.0,1978-07-01,1648.0,"{""type"":""MultiPoint"",""coordinates"":[]}"
197808,671.0,1978-08-01,1380.0,"{""type"":""MultiPoint"",""coordinates"":[]}"
197809,367.0,1978-09-01,1150.0,"{""type"":""MultiPoint"",""coordinates"":[]}"
197810,445.0,1978-10-01,920.0,"{""type"":""MultiPoint"",""coordinates"":[]}"
197811,186.0,1978-11-01,301.0,"{""type"":""MultiPoint"",""coordinates"":[]}"
197812,0.0,1978-12-01,0.0,"{""type"":""MultiPoint"",""coordinates"":[]}"
197901,0.0,1979-01-01,0.0,"{""type"":""MultiPoint"",""coordinates"":[]}"
197902,0.0,1979-02-01,0.0,"{""type"":""MultiPoint"",""coordinates"":[]}"
197903,1.0,1979-03-01,27.0,"{""type"":""MultiPoint"",""coordinates"":[]}"
197904,735.0,1979-04-01,840.0,"{""type"":""MultiPoint"",""coordinates"":[]}"
197905,1188.0,1979-05-01,1226.0,"{""type"":""MultiPoint"",""coordinates"":[]}"
197906,949.0,1979-06-01,1510.0,"{""type"":""MultiPoint"",""coordinates"":[]}"
197907,606.0,1979-07-01,1618.0,"{""type"":""MultiPoint"",""coordinates"":[]}"
197908,1054.0,1979-08-01,1335.0,"{""type"":""MultiPoint"",""coordinates"":[]}"
197909,264.0,1979-09-01,1135.0,"{""type"":""MultiPoint"",""coordinates"":[]}"
197910,254.0,1979-10-01,1013.0,"{""type"":""MultiPoint"",""coordinates"":[]}"
197911,0.0,1979-11-01,0.0,"{""type"":""MultiPoint"",""coordinates"":[]}"
197912,0.0,1979-12-01,0.0,"{""type"":""MultiPoint"",""coordinates"":[]}"
198001,0.0,1980-01-01,0.0,"{""type"":""MultiPoint"",""coordinates"":[]}"
198002,0.0,1980-02-01,0.0,"{""type"":""MultiPoint"",""coordinates"":[]}"
198003,0.0,1980-03-01,0.0,"{""type"":""MultiPoint"",""coordinates"":[]}"
198004,241.0,1980-04-01,472.0,"{""type"":""MultiPoint"",""coordinates"":[]}"
198005,1220.0,1980-05-01,1235.0,"{""type"":""MultiPoint"",""coordinates"":[]}"
198006,478.0,1980-06-01,1800.0,"{""type"":""MultiPoint"",""coordinates"":[]}"
198007,326.0,1980-07-01,1692.0,"{""type"":""MultiPoint"",""coordinates"":[]}"
198008,766.0,1980-08-01,1400.0,"{""type"":""MultiPoint"",""coordinates"":[]}"
198009,553.0,1980-09-01,1140.0,"{""type"":""MultiPoint"",""coordinates"":[]}"
198010,300.0,1980-10-01,832.0,"{""type"":""MultiPoint"",""coordinates"":[]}"
198011,31.0,1980-11-01,124.0,"{""type"":""MultiPoint"",""coordinates"":[]}"
198012,32.0,1980-12-01,121.0,"{""type"":""MultiPoint"",""coordinates"":[]}"
198101,0.0,1981-01-01,0.0,"{""type"":""MultiPoint"",""coordinates"":[]}"
198102,0.0,1981-02-01,0.0,"{""type"":""MultiPoint"",""coordinates"":[]}"
198103,1.0,1981-03-01,24.0,"{""type"":""MultiPoint"",""coordinates"":[]}"
198104,997.0,1981-04-01,1014.0,"{""type"":""MultiPoint"",""coordinates"":[]}"
198105,846.0,1981-05-01,1258.0,"{""type"":""MultiPoint"",""coordinates"":[]}"
198106,467.0,1981-06-01,1658.0,"{""type"":""MultiPoint"",""coordinates"":[]}"
198107,1057.0,1981-07-01,1457.0,"{""type"":""MultiPoint"",""coordinates"":[]}"
198108,1011.0,1981-08-01,1228.0,"{""type"":""MultiPoint"",""coordinates"":[]}"
198109,644.0,1981-09-01,1041.0,"{""type"":""MultiPoint"",""coordinates"":[]}"
198110,411.0,1981-10-01,784.0,"{""type"":""MultiPoint"",""coordinates"":[]}"
198111,208.0,1981-11-01,496.0,"{""type"":""MultiPoint"",""coordinates"":[]}"
198112,1.0,1981-12-01,17.0,"{""type"":""MultiPoint"",""coordinates"":[]}"
198201,0.0,1982-01-01,0.0,"{""type"":""MultiPoint"",""coordinates"":[]}"
198202,0.0,1982-02-01,0.0,"{""type"":""MultiPoint"",""coordinates"":[]}"
198203,2.0,1982-03-01,39.0,"{""type"":""MultiPoint"",""coordinates"":[]}"
198204,725.0,1982-04-01,844.0,"{""type"":""MultiPoint"",""coordinates"":[]}"
198205,1010.0,1982-05-01,1208.0,"{""type"":""MultiPoint"",""coordinates"":[]}"
198206,266.0,1982-06-01,1634.0,"{""type"":""MultiPoint"",""coordinates"":[]}"
198207,930.0,1982-07-01,1577.0,"{""type"":""MultiPoint"",""coordinates"":[]}"
198208,1171.0,1982-08-01,1187.0,"{""type"":""MultiPoint"",""coordinates"":[]}"
198209,762.0,1982-09-01,987.0,"{""type"":""MultiPoint"",""coordinates"":[]}"
198210,304.0,1982-10-01,826.0,"{""type"":""MultiPoint"",""coordinates"":[]}"
198211,21.0,1982-11-01,98.0,"{""type"":""MultiPoint"",""coordinates"":[]}"
198212,0.0,1982-12-01,0.0,"{""type"":""MultiPoint"",""coordinates"":[]}"
198301,0.0,1983-01-01,0.0,"{""type"":""MultiPoint"",""coordinates"":[]}"
198302,0.0,1983-02-01,0.0,"{""type"":""MultiPoint"",""coordinates"":[]}"
198303,2.0,1983-03-01,31.0,"{""type"":""MultiPoint"",""coordinates"":[]}"
198304,11.0,1983-04-01,99.0,"{""type"":""MultiPoint"",""coordinates"":[]}"
198305,1269.0,1983-05-01,1285.0,"{""type"":""MultiPoint"",""coordinates"":[]}"
198306,796.0,1983-06-01,1525.0,"{""type"":""MultiPoint"",""coordinates"":[]}"
198307,725.0,1983-07-01,1519.0,"{""type"":""MultiPoint"",""coordinates"":[]}"
198308,880.0,1983-08-01,1236.0,"{""type"":""MultiPoint"",""coordinates"":[]}"
198309,517.0,1983-09-01,1136.0,"{""type"":""MultiPoint"",""coordinates"":[]}"
198310,514.0,1983-10-01,770.0,"{""type"":""MultiPoint"",""coordinates"":[]}"
198311,39.0,1983-11-01,135.0,"{""type"":""MultiPoint"",""coordinates"":[]}"
198312,0.0,1983-12-01,0.0,"{""type"":""MultiPoint"",""coordinates"":[]}"
198401,0.0,1984-01-01,0.0,"{""type"":""MultiPoint"",""coordinates"":[]}"
198402,0.0,1984-02-01,0.0,"{""type"":""MultiPoint"",""coordinates"":[]}"
198403,0.0,1984-03-01,0.0,"{""type"":""MultiPoint"",""coordinates"":[]}"
198404,234.0,1984-04-01,475.0,"{""type"":""MultiPoint"",""coordinates"":[]}"
198405,1464.0,1984-05-01,1563.0,"{""type"":""MultiPoint"",""coordinates"":[]}"
198406,781.0,1984-06-01,1489.0,"{""type"":""MultiPoint"",""coordinates"":[]}"
198407,828.0,1984-07-01,1462.0,"{""type"":""MultiPoint"",""coordinates"":[]}"
198408,1126.0,1984-08-01,1181.0,"{""type"":""MultiPoint"",""coordinates"":[]}"
198409,515.0,1984-09-01,1069.0,"{""type"":""MultiPoint"",""coordinates"":[]}"
198410,584.0,1984-10-01,600.0,"{""type"":""MultiPoint"",""coordinates"":[]}"
198411,28.0,1984-11-01,114.0,"{""type"":""MultiPoint"",""coordinates"":[]}"
198412,0.0,1984-12-01,0.0,"{""type"":""MultiPoint"",""coordinates"":[]}"
198501,0.0,1985-01-01,0.0,"{""type"":""MultiPoint"",""coordinates"":[]}"
198502,0.0,1985-02-01,0.0,"{""type"":""MultiPoint"",""coordinates"":[]}"
198503,6.0,1985-03-01,62.0,"{""type"":""MultiPoint"",""coordinates"":[]}"
198504,896.0,1985-04-01,926.0,"{""type"":""MultiPoint"",""coordinates"":[]}"
198505,917.0,1985-05-01,1250.0,"{""type"":""MultiPoint"",""coordinates"":[]}"
198506,490.0,1985-06-01,1591.0,"{""type"":""MultiPoint"",""coordinates"":[]}"
198507,895.0,1985-07-01,1449.0,"{""type"":""MultiPoint"",""coordinates"":[]}"
198508,673.0,1985-08-01,1367.0,"{""type"":""MultiPoint"",""coordinates"":[]}"
198509,963.0,1985-09-01,1054.0,"{""type"":""MultiPoint"",""coordinates"":[]}"
198510,790.0,1985-10-01,790.0,"{""type"":""MultiPoint"",""coordinates"":[]}"
198511,92.0,1985-11-01,222.0,"{""type"":""MultiPoint"",""coordinates"":[]}"
198512,0.0,1985-12-01,0.0,"{""type"":""MultiPoint"",""coordinates"":[]}"
198601,1.0,1986-01-01,16.0,"{""type"":""MultiPoint"",""coordinates"":[]}"
198602,0.0,1986-02-01,0.0,"{""type"":""MultiPoint"",""coordinates"":[]}"
198603,118.0,1986-03-01,291.0,"{""type"":""MultiPoint"",""coordinates"":[]}"
198604,907.0,1986-04-01,938.0,"{""type"":""MultiPoint"",""coordinates"":[]}"
198605,914.0,1986-05-01,1332.0,"{""type"":""MultiPoint"",""coordinates"":[]}"
198606,1090.0,1986-06-01,1392.0,"{""type"":""MultiPoint"",""coordinates"":[]}"
198607,1114.0,1986-07-01,1412.0,"{""type"":""MultiPoint"",""coordinates"":[]}"
198608,1012.0,1986-08-01,1299.0,"{""type"":""MultiPoint"",""coordinates"":[]}"
198609,778.0,1986-09-01,1071.0,"{""type"":""MultiPoint"",""coordinates"":[]}"
198610,713.0,1986-10-01,723.0,"{""type"":""MultiPoint"",""coordinates"":[]}"
198611,17.0,1986-11-01,88.0,"{""type"":""MultiPoint"",""coordinates"":[]}"
198612,0.0,1986-12-01,0.0,"{""type"":""MultiPoint"",""coordinates"":[]}"
198701,0.0,1987-01-01,0.0,"{""type"":""MultiPoint"",""coordinates"":[]}"
198702,0.0,1987-02-01,0.0,"{""type"":""MultiPoint"",""coordinates"":[]}"
198703,0.0,1987-03-01,0.0,"{""type"":""MultiPoint"",""coordinates"":[]}"
198704,764.0,1987-04-01,863.0,"{""type"":""MultiPoint"",""coordinates"":[]}"
198705,1010.0,1987-05-01,1152.0,"{""type"":""MultiPoint"",""coordinates"":[]}"
198706,527.0,1987-06-01,1539.0,"{""type"":""MultiPoint"",""coordinates"":[]}"
198707,511.0,1987-07-01,1652.0,"{""type"":""MultiPoint"",""coordinates"":[]}"
198708,946.0,1987-08-01,1258.0,"{""type"":""MultiPoint"",""coordinates"":[]}"
198709,308.0,1987-09-01,1123.0,"{""type"":""MultiPoint"",""coordinates"":[]}"
198710,217.0,1987-10-01,907.0,"{""type"":""MultiPoint"",""coordinates"":[]}"
198711,21.0,1987-11-01,100.0,"{""type"":""MultiPoint"",""coordinates"":[]}"
198712,0.0,1987-12-01,0.0,"{""type"":""MultiPoint"",""coordinates"":[]}"
198801,0.0,1988-01-01,0.0,"{""type"":""MultiPoint"",""coordinates"":[]}"
198802,0.0,1988-02-01,0.0,"{""type"":""MultiPoint"",""coordinates"":[]}"
198803,1.0,1988-03-01,26.0,"{""type"":""MultiPoint"",""coordinates"":[]}"
198804,847.0,1988-04-01,921.0,"{""type"":""MultiPoint"",""coordinates"":[]}"
198805,861.0,1988-05-01,1348.0,"{""type"":""MultiPoint"",""coordinates"":[]}"
198806,1025.0,1988-06-01,1430.0,"{""type"":""MultiPoint"",""coordinates"":[]}"
198807,1200.0,1988-07-01,1473.0,"{""type"":""MultiPoint"",""coordinates"":[]}"
198808,1123.0,1988-08-01,1123.0,"{""type"":""MultiPoint"",""coordinates"":[]}"
198809,965.0,1988-09-01,1084.0,"{""type"":""MultiPoint"",""coordinates"":[]}"
198810,320.0,1988-10-01,879.0,"{""type"":""MultiPoint"",""coordinates"":[]}"
198811,61.0,1988-11-01,180.0,"{""type"":""MultiPoint"",""coordinates"":[]}"
198812,0.0,1988-12-01,0.0,"{""type"":""MultiPoint"",""coordinates"":[]}"
198901,0.0,1989-01-01,0.0,"{""type"":""MultiPoint"",""coordinates"":[]}"
198902,0.0,1989-02-01,0.0,"{""type"":""MultiPoint"",""coordinates"":[]}"
198903,403.0,1989-03-01,597.0,"{""type"":""MultiPoint"",""coordinates"":[]}"
198904,939.0,1989-04-01,1155.0,"{""type"":""MultiPoint"",""coordinates"":[]}"
198905,290.0,1989-05-01,1550.0,"{""type"":""MultiPoint"",""coordinates"":[]}"
198906,234.0,1989-06-01,1634.0,"{""type"":""MultiPoint"",""coordinates"":[]}"
198907,1081.0,1989-07-01,1495.0,"{""type"":""MultiPoint"",""coordinates"":[]}"
198908,814.0,1989-08-01,1310.0,"{""type"":""MultiPoint"",""coordinates"":[]}"
198909,493.0,1989-09-01,1179.0,"{""type"":""MultiPoint"",""coordinates"":[]}"
198910,484.0,1989-10-01,830.0,"{""type"":""MultiPoint"",""coordinates"":[]}"
198911,31.0,1989-11-01,289.0,"{""type"":""MultiPoint"",""coordinates"":[]}"
198912,0.0,1989-12-01,0.0,"{""type"":""MultiPoint"",""coordinates"":[]}"
199001,0.0,1990-01-01,0.0,"{""type"":""MultiPoint"",""coordinates"":[]}"
199002,0.0,1990-02-01,0.0,"{""type"":""MultiPoint"",""coordinates"":[]}"
199003,13.0,1990-03-01,94.0,"{""type"":""MultiPoint"",""coordinates"":[]}"
199004,872.0,1990-04-01,899.0,"{""type"":""MultiPoint"",""coordinates"":[]}"
199005,766.0,1990-05-01,1360.0,"{""type"":""MultiPoint"",""coordinates"":[]}"
199006,299.0,1990-06-01,1783.0,"{""type"":""MultiPoint"",""coordinates"":[]}"
199007,1331.0,1990-07-01,1384.0,"{""type"":""MultiPoint"",""coordinates"":[]}"
199008,1113.0,1990-08-01,1226.0,"{""type"":""MultiPoint"",""coordinates"":[]}"
199009,1001.0,1990-09-01,1001.0,"{""type"":""MultiPoint"",""coordinates"":[]}"
199010,267.0,1990-10-01,900.0,"{""type"":""MultiPoint"",""coordinates"":[]}"
199011,111.0,1990-11-01,237.0,"{""type"":""MultiPoint"",""coordinates"":[]}"
199012,0.0,1990-12-01,0.0,"{""type"":""MultiPoint"",""coordinates"":[]}"
199101,0.0,1991-01-01,0.0,"{""type"":""MultiPoint"",""coordinates"":[]}"
199102,0.0,1991-02-01,0.0,"{""type"":""MultiPoint"",""coordinates"":[]}"
199103,1.0,1991-03-01,30.0,"{""type"":""MultiPoint"",""coordinates"":[]}"
199104,762.0,1991-04-01,896.0,"{""type"":""MultiPoint"",""coordinates"":[]}"
199105,1166.0,1991-05-01,1482.0,"{""type"":""MultiPoint"",""coordinates"":[]}"
199106,482.0,1991-06-01,1512.0,"{""type"":""MultiPoint"",""coordinates"":[]}"
199107,1347.0,1991-07-01,1347.0,"{""type"":""MultiPoint"",""coordinates"":[]}"
199108,984.0,1991-08-01,1213.0,"{""type"":""MultiPoint"",""coordinates"":[]}"
199109,754.0,1991-09-01,1016.0,"{""type"":""MultiPoint"",""coordinates"":[]}"
199110,194.0,1991-10-01,960.0,"{""type"":""MultiPoint"",""coordinates"":[]}"
199111,1.0,1991-11-01,20.0,"{""type"":""MultiPoint"",""coordinates"":[]}"
199112,0.0,1991-12-01,0.0,"{""type"":""MultiPoint"",""coordinates"":[]}"
199201,0.0,1992-01-01,0.0,"{""type"":""MultiPoint"",""coordinates"":[]}"
199202,0.0,1992-02-01,0.0,"{""type"":""MultiPoint"",""coordinates"":[]}"
199203,2.0,1992-03-01,33.0,"{""type"":""MultiPoint"",""coordinates"":[]}"
199204,1042.0,1992-04-01,1060.0,"{""type"":""MultiPoint"",""coordinates"":[]}"
199205,1037.0,1992-05-01,1170.0,"{""type"":""MultiPoint"",""coordinates"":[]}"
199206,465.0,1992-06-01,1553.0,"{""type"":""MultiPoint"",""coordinates"":[]}"
199207,1036.0,1992-07-01,1536.0,"{""type"":""MultiPoint"",""coordinates"":[]}"
199208,1162.0,1992-08-01,1286.0,"{""type"":""MultiPoint"",""coordinates"":[]}"
199209,270.0,1992-09-01,1213.0,"{""type"":""MultiPoint"",""coordinates"":[]}"
199210,263.0,1992-10-01,943.0,"{""type"":""MultiPoint"",""coordinates"":[]}"
199211,0.0,1992-11-01,0.0,"{""type"":""MultiPoint"",""coordinates"":[]}"
199212,0.0,1992-12-01,0.0,"{""type"":""MultiPoint"",""coordinates"":[]}"
199301,0.0,1993-01-01,0.0,"{""type"":""MultiPoint"",""coordinates"":[]}"
199302,0.0,1993-02-01,0.0,"{""type"":""MultiPoint"",""coordinates"":[]}"
199303,7.0,1993-03-01,67.0,"{""type"":""MultiPoint"",""coordinates"":[]}"
199304,915.0,1993-04-01,983.0,"{""type"":""MultiPoint"",""coordinates"":[]}"
199305,885.0,1993-05-01,1273.0,"{""type"":""MultiPoint"",""coordinates"":[]}"
199306,324.0,1993-06-01,1713.0,"{""type"":""MultiPoint"",""coordinates"":[]}"
199307,470.0,1993-07-01,1758.0,"{""type"":""MultiPoint"",""coordinates"":[]}"
199308,1200.0,1993-08-01,1200.0,"{""type"":""MultiPoint"",""coordinates"":[]}"
199309,748.0,1993-09-01,1199.0,"{""type"":""MultiPoint"",""coordinates"":[]}"
199310,374.0,1993-10-01,786.0,"{""type"":""MultiPoint"",""coordinates"":[]}"
199311,2.0,1993-11-01,29.0,"{""type"":""MultiPoint"",""coordinates"":[]}"
199312,0.0,1993-12-01,0.0,"{""type"":""MultiPoint"",""coordinates"":[]}"
199401,0.0,1994-01-01,0.0,"{""type"":""MultiPoint"",""coordinates"":[]}"
199402,0.0,1994-02-01,0.0,"{""type"":""MultiPoint"",""coordinates"":[]}"
199403,30.0,1994-03-01,145.0,"{""type"":""MultiPoint"",""coordinates"":[]}"
199404,899.0,1994-04-01,935.0,"{""type"":""MultiPoint"",""coordinates"":[]}"
199405,1088.0,1994-05-01,1277.0,"{""type"":""MultiPoint"",""coordinates"":[]}"
199406,303.0,1994-06-01,1739.0,"{""type"":""MultiPoint"",""coordinates"":[]}"
199407,781.0,1994-07-01,1678.0,"{""type"":""MultiPoint"",""coordinates"":[]}"
199408,1286.0,1994-08-01,1325.0,"{""type"":""MultiPoint"",""coordinates"":[]}"
199409,663.0,1994-09-01,1113.0,"{""type"":""MultiPoint"",""coordinates"":[]}"
199410,763.0,1994-10-01,773.0,"{""type"":""MultiPoint"",""coordinates"":[]}"
199411,15.0,1994-11-01,84.0,"{""type"":""MultiPoint"",""coordinates"":[]}"
199412,1.0,1994-12-01,15.0,"{""type"":""MultiPoint"",""coordinates"":[]}"
199501,0.0,1995-01-01,0.0,"{""type"":""MultiPoint"",""coordinates"":[]}"
199502,67.0,1995-02-01,193.0,"{""type"":""MultiPoint"",""coordinates"":[]}"
199503,48.0,1995-03-01,184.0,"{""type"":""MultiPoint"",""coordinates"":[]}"
199504,394.0,1995-04-01,610.0,"{""type"":""MultiPoint"",""coordinates"":[]}"
199505,1161.0,1995-05-01,1318.0,"{""type"":""MultiPoint"",""coordinates"":[]}"
199506,510.0,1995-06-01,1536.0,"{""type"":""MultiPoint"",""coordinates"":[]}"
199507,619.0,1995-07-01,1648.0,"{""type"":""MultiPoint"",""coordinates"":[]}"
199508,679.0,1995-08-01,1309.0,"{""type"":""MultiPoint"",""coordinates"":[]}"
199509,755.0,1995-09-01,1102.0,"{""type"":""MultiPoint"",""coordinates"":[]}"
199510,20.0,1995-10-01,1007.0,"{""type"":""MultiPoint"",""coordinates"":[]}"
199511,201.0,1995-11-01,575.0,"{""type"":""MultiPoint"",""coordinates"":[]}"
199512,1.0,1995-12-01,19.0,"{""type"":""MultiPoint"",""coordinates"":[]}"
199601,0.0,1996-01-01,0.0,"{""type"":""MultiPoint"",""coordinates"":[]}"
199602,4.0,1996-02-01,48.0,"{""type"":""MultiPoint"",""coordinates"":[]}"
199603,4.0,1996-03-01,55.0,"{""type"":""MultiPoint"",""coordinates"":[]}"
199604,834.0,1996-04-01,1071.0,"{""type"":""MultiPoint"",""coordinates"":[]}"
199605,45.0,1996-05-01,1664.0,"{""type"":""MultiPoint"",""coordinates"":[]}"
199606,915.0,1996-06-01,1599.0,"{""type"":""MultiPoint"",""coordinates"":[]}"
199607,862.0,1996-07-01,1555.0,"{""type"":""MultiPoint"",""coordinates"":[]}"
199608,859.0,1996-08-01,1299.0,"{""type"":""MultiPoint"",""coordinates"":[]}"
199609,492.0,1996-09-01,1040.0,"{""type"":""MultiPoint"",""coordinates"":[]}"
199610,710.0,1996-10-01,808.0,"{""type"":""MultiPoint"",""coordinates"":[]}"
199611,255.0,1996-11-01,371.0,"{""type"":""MultiPoint"",""coordinates"":[]}"
199612,1.0,1996-12-01,14.0,"{""type"":""MultiPoint"",""coordinates"":[]}"
199701,0.0,1997-01-01,0.0,"{""type"":""MultiPoint"",""coordinates"":[]}"
199702,0.0,1997-02-01,0.0,"{""type"":""MultiPoint"",""coordinates"":[]}"
199703,61.0,1997-03-01,211.0,"{""type"":""MultiPoint"",""coordinates"":[]}"
199704,31.0,1997-04-01,164.0,"{""type"":""MultiPoint"",""coordinates"":[]}"
199705,1203.0,1997-05-01,1203.0,"{""type"":""MultiPoint"",""coordinates"":[]}"
199706,1046.0,1997-06-01,1493.0,"{""type"":""MultiPoint"",""coordinates"":[]}"
199707,1276.0,1997-07-01,1431.0,"{""type"":""MultiPoint"",""coordinates"":[]}"
199708,1139.0,1997-08-01,1172.0,"{""type"":""MultiPoint"",""coordinates"":[]}"
199709,982.0,1997-09-01,982.0,"{""type"":""MultiPoint"",""coordinates"":[]}"
199710,369.0,1997-10-01,812.0,"{""type"":""MultiPoint"",""coordinates"":[]}"
199711,4.0,1997-11-01,44.0,"{""type"":""MultiPoint"",""coordinates"":[]}"
199712,0.0,1997-12-01,0.0,"{""type"":""MultiPoint"",""coordinates"":[]}"
199801,0.0,1998-01-01,0.0,"{""type"":""MultiPoint"",""coordinates"":[]}"
199802,0.0,1998-02-01,0.0,"{""type"":""MultiPoint"",""coordinates"":[]}"
199803,1.0,1998-03-01,23.0,"{""type"":""MultiPoint"",""coordinates"":[]}"
199804,102.0,1998-04-01,312.0,"{""type"":""MultiPoint"",""coordinates"":[]}"
199805,1370.0,1998-05-01,1370.0,"{""type"":""MultiPoint"",""coordinates"":[]}"
199806,509.0,1998-06-01,1571.0,"{""type"":""MultiPoint"",""coordinates"":[]}"
199807,1368.0,1998-07-01,1368.0,"{""type"":""MultiPoint"",""coordinates"":[]}"
199808,1052.0,1998-08-01,1244.0,"{""type"":""MultiPoint"",""coordinates"":[]}"
199809,438.0,1998-09-01,1134.0,"{""type"":""MultiPoint"",""coordinates"":[]}"
199810,708.0,1998-10-01,708.0,"{""type"":""MultiPoint"",""coordinates"":[]}"
199811,320.0,1998-11-01,394.0,"{""type"":""MultiPoint"",""coordinates"":[]}"
199812,0.0,1998-12-01,0.0,"{""type"":""MultiPoint"",""coordinates"":[]}"
199901,1.0,1999-01-01,14.0,"{""type"":""MultiPoint"",""coordinates"":[]}"
199902,1.0,1999-02-01,22.0,"{""type"":""MultiPoint"",""coordinates"":[]}"
199903,95.0,1999-03-01,267.0,"{""type"":""MultiPoint"",""coordinates"":[]}"
199904,199.0,1999-04-01,416.0,"{""type"":""MultiPoint"",""coordinates"":[]}"
199905,1134.0,1999-05-01,1251.0,"{""type"":""MultiPoint"",""coordinates"":[]}"
199906,783.0,1999-06-01,1508.0,"{""type"":""MultiPoint"",""coordinates"":[]}"
199907,1380.0,1999-07-01,1393.0,"{""type"":""MultiPoint"",""coordinates"":[]}"
199908,1167.0,1999-08-01,1167.0,"{""type"":""MultiPoint"",""coordinates"":[]}"
199909,785.0,1999-09-01,1020.0,"{""type"":""MultiPoint"",""coordinates"":[]}"
199910,250.0,1999-10-01,871.0,"{""type"":""MultiPoint"",""coordinates"":[]}"
199911,60.0,1999-11-01,492.0,"{""type"":""MultiPoint"",""coordinates"":[]}"
199912,0.0,1999-12-01,0.0,"{""type"":""MultiPoint"",""coordinates"":[]}"
200001,0.0,2000-01-01,0.0,"{""type"":""MultiPoint"",""coordinates"":[]}"
200002,3.0,2000-02-01,35.0,"{""type"":""MultiPoint"",""coordinates"":[]}"
200003,5.0,2000-03-01,54.0,"{""type"":""MultiPoint"",""coordinates"":[]}"
200004,952.0,2000-04-01,972.0,"{""type"":""MultiPoint"",""coordinates"":[]}"
200005,510.0,2000-05-01,1413.0,"{""type"":""MultiPoint"",""coordinates"":[]}"
200006,552.0,2000-06-01,1552.0,"{""type"":""MultiPoint"",""coordinates"":[]}"
200007,806.0,2000-07-01,1524.0,"{""type"":""MultiPoint"",""coordinates"":[]}"
200008,718.0,2000-08-01,1327.0,"{""type"":""MultiPoint"",""coordinates"":[]}"
200009,184.0,2000-09-01,1151.0,"{""type"":""MultiPoint"",""coordinates"":[]}"
200010,682.0,2000-10-01,690.0,"{""type"":""MultiPoint"",""coordinates"":[]}"
200011,0.0,2000-11-01,0.0,"{""type"":""MultiPoint"",""coordinates"":[]}"
200012,0.0,2000-12-01,0.0,"{""type"":""MultiPoint"",""coordinates"":[]}"
200101,0.0,2001-01-01,0.0,"{""type"":""MultiPoint"",""coordinates"":[]}"
200102,0.0,2001-02-01,0.0,"{""type"":""MultiPoint"",""coordinates"":[]}"
200103,3.0,2001-03-01,46.0,"{""type"":""MultiPoint"",""coordinates"":[]}"
200104,899.0,2001-04-01,925.0,"{""type"":""MultiPoint"",""coordinates"":[]}"
200105,779.0,2001-05-01,1344.0,"{""type"":""MultiPoint"",""coordinates"":[]}"
200106,236.0,2001-06-01,1635.0,"{""type"":""MultiPoint"",""coordinates"":[]}"
200107,900.0,2001-07-01,1503.0,"{""type"":""MultiPoint"",""coordinates"":[]}"
200108,1015.0,2001-08-01,1249.0,"{""type"":""MultiPoint"",""coordinates"":[]}"
200109,146.0,2001-09-01,1161.0,"{""type"":""MultiPoint"",""coordinates"":[]}"
200110,119.0,2001-10-01,885.0,"{""type"":""MultiPoint"",""coordinates"":[]}"
200111,329.0,2001-11-01,371.0,"{""type"":""MultiPoint"",""coordinates"":[]}"
200112,0.0,2001-12-01,0.0,"{""type"":""MultiPoint"",""coordinates"":[]}"
200201,0.0,2002-01-01,0.0,"{""type"":""MultiPoint"",""coordinates"":[]}"
200202,0.0,2002-02-01,0.0,"{""type"":""MultiPoint"",""coordinates"":[]}"
200203,1.0,2002-03-01,32.0,"{""type"":""MultiPoint"",""coordinates"":[]}"
200204,824.0,2002-04-01,971.0,"{""type"":""MultiPoint"",""coordinates"":[]}"
200205,52.0,2002-05-01,1438.0,"{""type"":""MultiPoint"",""coordinates"":[]}"
200206,318.0,2002-06-01,1657.0,"{""type"":""MultiPoint"",""coordinates"":[]}"
200207,820.0,2002-07-01,1476.0,"{""type"":""MultiPoint"",""coordinates"":[]}"
200208,535.0,2002-08-01,1344.0,"{""type"":""MultiPoint"",""coordinates"":[]}"
200209,1020.0,2002-09-01,1026.0,"{""type"":""MultiPoint"",""coordinates"":[]}"
200210,451.0,2002-10-01,678.0,"{""type"":""MultiPoint"",""coordinates"":[]}"
200211,34.0,2002-11-01,123.0,"{""type"":""MultiPoint"",""coordinates"":[]}"
200212,0.0,2002-12-01,0.0,"{""type"":""MultiPoint"",""coordinates"":[]}"
200301,1.0,2003-01-01,16.0,"{""type"":""MultiPoint"",""coordinates"":[]}"
200302,0.0,2003-02-01,0.0,"{""type"":""MultiPoint"",""coordinates"":[]}"
200303,6.0,2003-03-01,62.0,"{""type"":""MultiPoint"",""coordinates"":[]}"
200304,874.0,2003-04-01,921.0,"{""type"":""MultiPoint"",""coordinates"":[]}"
200305,687.0,2003-05-01,1354.0,"{""type"":""MultiPoint"",""coordinates"":[]}"
200306,299.0,2003-06-01,1537.0,"{""type"":""MultiPoint"",""coordinates"":[]}"
200307,410.0,2003-07-01,1642.0,"{""type"":""MultiPoint"",""coordinates"":[]}"
200308,747.0,2003-08-01,1273.0,"{""type"":""MultiPoint"",""coordinates"":[]}"
200309,560.0,2003-09-01,1097.0,"{""type"":""MultiPoint"",""coordinates"":[]}"
200310,453.0,2003-10-01,819.0,"{""type"":""MultiPoint"",""coordinates"":[]}"
200311,78.0,2003-11-01,183.0,"{""type"":""MultiPoint"",""coordinates"":[]}"
200312,0.0,2003-12-01,0.0,"{""type"":""MultiPoint"",""coordinates"":[]}"
200401,0.0,2004-01-01,0.0,"{""type"":""MultiPoint"",""coordinates"":[]}"
200402,0.0,2004-02-01,0.0,"{""type"":""MultiPoint"",""coordinates"":[]}"
200403,412.0,2004-03-01,518.0,"{""type"":""MultiPoint"",""coordinates"":[]}"
200404,616.0,2004-04-01,732.0,"{""type"":""MultiPoint"",""coordinates"":[]}"
200405,519.0,2004-05-01,1436.0,"{""type"":""MultiPoint"",""coordinates"":[]}"
200406,419.0,2004-06-01,1545.0,"{""type"":""MultiPoint"",""coordinates"":[]}"
200407,740.0,2004-07-01,1466.0,"{""type"":""MultiPoint"",""coordinates"":[]}"
200408,429.0,2004-08-01,1257.0,"{""type"":""MultiPoint"",""coordinates"":[]}"
200409,601.0,2004-09-01,1045.0,"{""type"":""MultiPoint"",""coordinates"":[]}"
200410,518.0,2004-10-01,712.0,"{""type"":""MultiPoint"",""coordinates"":[]}"
200411,11.0,2004-11-01,66.0,"{""type"":""MultiPoint"",""coordinates"":[]}"
200412,0.0,2004-12-01,0.0,"{""type"":""MultiPoint"",""coordinates"":[]}"
200501,0.0,2005-01-01,0.0,"{""type"":""MultiPoint"",""coordinates"":[]}"
200502,0.0,2005-02-01,0.0,"{""type"":""MultiPoint"",""coordinates"":[]}"
200503,1.0,2005-03-01,24.0,"{""type"":""MultiPoint"",""coordinates"":[]}"
200504,739.0,2005-04-01,836.0,"{""type"":""MultiPoint"",""coordinates"":[]}"
200505,1063.0,2005-05-01,1275.0,"{""type"":""MultiPoint"",""coordinates"":[]}"
200506,280.0,2005-06-01,1584.0,"{""type"":""MultiPoint"",""coordinates"":[]}"
200507,550.0,2005-07-01,1651.0,"{""type"":""MultiPoint"",""coordinates"":[]}"
200508,773.0,2005-08-01,1207.0,"{""type"":""MultiPoint"",""coordinates"":[]}"
200509,888.0,2005-09-01,1078.0,"{""type"":""MultiPoint"",""coordinates"":[]}"
200510,485.0,2005-10-01,736.0,"{""type"":""MultiPoint"",""coordinates"":[]}"
200511,36.0,2005-11-01,468.0,"{""type"":""MultiPoint"",""coordinates"":[]}"
200512,0.0,2005-12-01,0.0,"{""type"":""MultiPoint"",""coordinates"":[]}"
200601,0.0,2006-01-01,0.0,"{""type"":""MultiPoint"",""coordinates"":[]}"
200602,0.0,2006-02-01,0.0,"{""type"":""MultiPoint"",""coordinates"":[]}"
200603,5.0,2006-03-01,53.0,"{""type"":""MultiPoint"",""coordinates"":[]}"
200604,666.0,2006-04-01,978.0,"{""type"":""MultiPoint"",""coordinates"":[]}"
200605,80.0,2006-05-01,1410.0,"{""type"":""MultiPoint"",""coordinates"":[]}"
200606,505.0,2006-06-01,1618.0,"{""type"":""MultiPoint"",""coordinates"":[]}"
200607,1393.0,2006-07-01,1393.0,"{""type"":""MultiPoint"",""coordinates"":[]}"
200608,1086.0,2006-08-01,1086.0,"{""type"":""MultiPoint"",""coordinates"":[]}"
200609,803.0,2006-09-01,973.0,"{""type"":""MultiPoint"",""coordinates"":[]}"
200610,707.0,2006-10-01,737.0,"{""type"":""MultiPoint"",""coordinates"":[]}"
200611,179.0,2006-11-01,406.0,"{""type"":""MultiPoint"",""coordinates"":[]}"
200612,0.0,2006-12-01,0.0,"{""type"":""MultiPoint"",""coordinates"":[]}"
200701,0.0,2007-01-01,0.0,"{""type"":""MultiPoint"",""coordinates"":[]}"
200702,0.0,2007-02-01,0.0,"{""type"":""MultiPoint"",""coordinates"":[]}"
200703,210.0,2007-03-01,374.0,"{""type"":""MultiPoint"",""coordinates"":[]}"
200704,602.0,2007-04-01,743.0,"{""type"":""MultiPoint"",""coordinates"":[]}"
200705,1073.0,2007-05-01,1265.0,"{""type"":""MultiPoint"",""coordinates"":[]}"
200706,377.0,2007-06-01,1588.0,"{""type"":""MultiPoint"",""coordinates"":[]}"
200707,1174.0,2007-07-01,1490.0,"{""type"":""MultiPoint"",""coordinates"":[]}"
200708,992.0,2007-08-01,1305.0,"{""type"":""MultiPoint"",""coordinates"":[]}"
200709,660.0,2007-09-01,1055.0,"{""type"":""MultiPoint"",""coordinates"":[]}"
200710,93.0,2007-10-01,894.0,"{""type"":""MultiPoint"",""coordinates"":[]}"
200711,137.0,2007-11-01,420.0,"{""type"":""MultiPoint"",""coordinates"":[]}"
200712,0.0,2007-12-01,0.0,"{""type"":""MultiPoint"",""coordinates"":[]}"
200801,0.0,2008-01-01,0.0,"{""type"":""MultiPoint"",""coordinates"":[]}"
200802,0.0,2008-02-01,0.0,"{""type"":""MultiPoint"",""coordinates"":[]}"
200803,5.0,2008-03-01,62.0,"{""type"":""MultiPoint"",""coordinates"":[]}"
200804,772.0,2008-04-01,878.0,"{""type"":""MultiPoint"",""coordinates"":[]}"
200805,987.0,2008-05-01,1325.0,"{""type"":""MultiPoint"",""coordinates"":[]}"
200806,242.0,2008-06-01,1616.0,"{""type"":""MultiPoint"",""coordinates"":[]}"
200807,1257.0,2008-07-01,1406.0,"{""type"":""MultiPoint"",""coordinates"":[]}"
200808,977.0,2008-08-01,1232.0,"{""type"":""MultiPoint"",""coordinates"":[]}"
200809,297.0,2008-09-01,1059.0,"{""type"":""MultiPoint"",""coordinates"":[]}"
200810,518.0,2008-10-01,830.0,"{""type"":""MultiPoint"",""coordinates"":[]}"
200811,262.0,2008-11-01,403.0,"{""type"":""MultiPoint"",""coordinates"":[]}"
200812,0.0,2008-12-01,0.0,"{""type"":""MultiPoint"",""coordinates"":[]}"
200901,0.0,2009-01-01,0.0,"{""type"":""MultiPoint"",""coordinates"":[]}"
200902,1.0,2009-02-01,25.0,"{""type"":""MultiPoint"",""coordinates"":[]}"
200903,68.0,2009-03-01,218.0,"{""type"":""MultiPoint"",""coordinates"":[]}"
200904,741.0,2009-04-01,834.0,"{""type"":""MultiPoint"",""coordinates"":[]}"
200905,855.0,2009-05-01,1292.0,"{""type"":""MultiPoint"",""coordinates"":[]}"
200906,681.0,2009-06-01,1436.0,"{""type"":""MultiPoint"",""coordinates"":[]}"
200907,993.0,2009-07-01,1527.0,"{""type"":""MultiPoint"",""coordinates"":[]}"
200908,445.0,2009-08-01,1376.0,"{""type"":""MultiPoint"",""coordinates"":[]}"
200909,859.0,2009-09-01,1009.0,"{""type"":""MultiPoint"",""coordinates"":[]}"
200910,539.0,2009-10-01,788.0,"{""type"":""MultiPoint"",""coordinates"":[]}"
200911,113.0,2009-11-01,432.0,"{""type"":""MultiPoint"",""coordinates"":[]}"
200912,0.0,2009-12-01,0.0,"{""type"":""MultiPoint"",""coordinates"":[]}"
201001,0.0,2010-01-01,0.0,"{""type"":""MultiPoint"",""coordinates"":[]}"
201002,0.0,2010-02-01,0.0,"{""type"":""MultiPoint"",""coordinates"":[]}"
201003,2.0,2010-03-01,38.0,"{""type"":""MultiPoint"",""coordinates"":[]}"
201004,791.0,2010-04-01,853.0,"{""type"":""MultiPoint"",""coordinates"":[]}"
201005,716.0,2010-05-01,1395.0,"{""type"":""MultiPoint"",""coordinates"":[]}"
201006,314.0,2010-06-01,1662.0,"{""type"":""MultiPoint"",""coordinates"":[]}"
201007,1144.0,2010-07-01,1441.0,"{""type"":""MultiPoint"",""coordinates"":[]}"
201008,710.0,2010-08-01,1291.0,"{""type"":""MultiPoint"",""coordinates"":[]}"
201009,534.0,2010-09-01,1209.0,"{""type"":""MultiPoint"",""coordinates"":[]}"
201010,406.0,2010-10-01,850.0,"{""type"":""MultiPoint"",""coordinates"":[]}"
201011,42.0,2010-11-01,176.0,"{""type"":""MultiPoint"",""coordinates"":[]}"
201012,10.0,2010-12-01,64.0,"{""type"":""MultiPoint"",""coordinates"":[]}"
201101,0.0,2011-01-01,0.0,"{""type"":""MultiPoint"",""coordinates"":[]}"
201102,0.0,2011-02-01,0.0,"{""type"":""MultiPoint"",""coordinates"":[]}"
201103,279.0,2011-03-01,470.0,"{""type"":""MultiPoint"",""coordinates"":[]}"
201104,718.0,2011-04-01,911.0,"{""type"":""MultiPoint"",""coordinates"":[]}"
201105,237.0,2011-05-01,1360.0,"{""type"":""MultiPoint"",""coordinates"":[]}"
201106,123.0,2011-06-01,1788.0,"{""type"":""MultiPoint"",""coordinates"":[]}"
201107,626.0,2011-07-01,1538.0,"{""type"":""MultiPoint"",""coordinates"":[]}"
201108,553.0,2011-08-01,1394.0,"{""type"":""MultiPoint"",""coordinates"":[]}"
201109,351.0,2011-09-01,1035.0,"{""type"":""MultiPoint"",""coordinates"":[]}"
201110,621.0,2011-10-01,826.0,"{""type"":""MultiPoint"",""coordinates"":[]}"
201111,151.0,2011-11-01,276.0,"{""type"":""MultiPoint"",""coordinates"":[]}"
201112,0.0,2011-12-01,0.0,"{""type"":""MultiPoint"",""coordinates"":[]}"
201201,0.0,2012-01-01,0.0,"{""type"":""MultiPoint"",""coordinates"":[]}"
201202,0.0,2012-02-01,0.0,"{""type"":""MultiPoint"",""coordinates"":[]}"
201203,371.0,2012-03-01,552.0,"{""type"":""MultiPoint"",""coordinates"":[]}"
201204,949.0,2012-04-01,961.0,"{""type"":""MultiPoint"",""coordinates"":[]}"
201205,565.0,2012-05-01,1411.0,"{""type"":""MultiPoint"",""coordinates"":[]}"
201206,289.0,2012-06-01,1767.0,"{""type"":""MultiPoint"",""coordinates"":[]}"
201207,694.0,2012-07-01,1513.0,"{""type"":""MultiPoint"",""coordinates"":[]}"
201208,747.0,2012-08-01,1335.0,"{""type"":""MultiPoint"",""coordinates"":[]}"
201209,298.0,2012-09-01,1093.0,"{""type"":""MultiPoint"",""coordinates"":[]}"
201210,135.0,2012-10-01,923.0,"{""type"":""MultiPoint"",""coordinates"":[]}"
201211,78.0,2012-11-01,456.0,"{""type"":""MultiPoint"",""coordinates"":[]}"
201212,0.0,2012-12-01,0.0,"{""type"":""MultiPoint"",""coordinates"":[]}"
201301,0.0,2013-01-01,0.0,"{""type"":""MultiPoint"",""coordinates"":[]}"
201302,0.0,2013-02-01,0.0,"{""type"":""MultiPoint"",""coordinates"":[]}"
201303,16.0,2013-03-01,105.0,"{""type"":""MultiPoint"",""coordinates"":[]}"
201304,552.0,2013-04-01,726.0,"{""type"":""MultiPoint"",""coordinates"":[]}"
201305,445.0,2013-05-01,1372.0,"{""type"":""MultiPoint"",""coordinates"":[]}"
201306,124.0,2013-06-01,1649.0,"{""type"":""MultiPoint"",""coordinates"":[]}"
201307,1417.0,2013-07-01,1417.0,"{""type"":""MultiPoint"",""coordinates"":[]}"
201308,754.0,2013-08-01,1224.0,"{""type"":""MultiPoint"",""coordinates"":[]}"
201309,998.0,2013-09-01,998.0,"{""type"":""MultiPoint"",""coordinates"":[]}"
201310,273.0,2013-10-01,785.0,"{""type"":""MultiPoint"",""coordinates"":[]}"
201311,38.0,2013-11-01,127.0,"{""type"":""MultiPoint"",""coordinates"":[]}"
201312,0.0,2013-12-01,0.0,"{""type"":""MultiPoint"",""coordinates"":[]}"
201401,0.0,2014-01-01,0.0,"{""type"":""MultiPoint"",""coordinates"":[]}"
201402,0.0,2014-02-01,0.0,"{""type"":""MultiPoint"",""coordinates"":[]}"
201403,24.0,2014-03-01,133.0,"{""type"":""MultiPoint"",""coordinates"":[]}"
201404,808.0,2014-04-01,870.0,"{""type"":""MultiPoint"",""coordinates"":[]}"
201405,826.0,2014-05-01,1317.0,"{""type"":""MultiPoint"",""coordinates"":[]}"
201406,207.0,2014-06-01,1662.0,"{""type"":""MultiPoint"",""coordinates"":[]}"
201407,1422.0,2014-07-01,1422.0,"{""type"":""MultiPoint"",""coordinates"":[]}"
201408,1065.0,2014-08-01,1195.0,"{""type"":""MultiPoint"",""coordinates"":[]}"
201409,773.0,2014-09-01,992.0,"{""type"":""MultiPoint"",""coordinates"":[]}"
201410,376.0,2014-10-01,807.0,"{""type"":""MultiPoint"",""coordinates"":[]}"
201411,49.0,2014-11-01,163.0,"{""type"":""MultiPoint"",""coordinates"":[]}"
201412,0.0,2014-12-01,10.0,"{""type"":""MultiPoint"",""coordinates"":[]}"
201501,0.0,2015-01-01,0.0,"{""type"":""MultiPoint"",""coordinates"":[]}"
201502,0.0,2015-02-01,0.0,"{""type"":""MultiPoint"",""coordinates"":[]}"
201503,311.0,2015-03-01,465.0,"{""type"":""MultiPoint"",""coordinates"":[]}"
201504,816.0,2015-04-01,862.0,"{""type"":""MultiPoint"",""coordinates"":[]}"
201505,1081.0,2015-05-01,1139.0,"{""type"":""MultiPoint"",""coordinates"":[]}"
201506,800.0,2015-06-01,1511.0,"{""type"":""MultiPoint"",""coordinates"":[]}"
201507,1358.0,2015-07-01,1358.0,"{""type"":""MultiPoint"",""coordinates"":[]}"
201508,1076.0,2015-08-01,1327.0,"{""type"":""MultiPoint"",""coordinates"":[]}"
201509,639.0,2015-09-01,1125.0,"{""type"":""MultiPoint"",""coordinates"":[]}"
201510,716.0,2015-10-01,716.0,"{""type"":""MultiPoint"",""coordinates"":[]}"
201511,104.0,2015-11-01,227.0,"{""type"":""MultiPoint"",""coordinates"":[]}"
201512,0.0,2015-12-01,0.0,"{""type"":""MultiPoint"",""coordinates"":[]}"
201601,0.0,2016-01-01,0.0,"{""type"":""MultiPoint"",""coordinates"":[]}"
201602,1.0,2016-02-01,18.0,"{""type"":""MultiPoint"",""coordinates"":[]}"
201603,385.0,2016-03-01,594.0,"{""type"":""MultiPoint"",""coordinates"":[]}"
201604,849.0,2016-04-01,900.0,"{""type"":""MultiPoint"",""coordinates"":[]}"
201605,690.0,2016-05-01,1349.0,"{""type"":""MultiPoint"",""coordinates"":[]}"
201606,519.0,2016-06-01,1611.0,"{""type"":""MultiPoint"",""coordinates"":[]}"
201607,730.0,2016-07-01,1773.0,"{""type"":""MultiPoint"",""coordinates"":[]}"
201608,1063.0,2016-08-01,1140.0,"{""type"":""MultiPoint"",""coordinates"":[]}"
201609,517.0,2016-09-01,1118.0,"{""type"":""MultiPoint"",""coordinates"":[]}"
201610,152.0,2016-10-01,1012.0,"{""type"":""MultiPoint"",""coordinates"":[]}"
201611,462.0,2016-11-01,533.0,"{""type"":""MultiPoint"",""coordinates"":[]}"
201612,0.0,2016-12-01,0.0,"{""type"":""MultiPoint"",""coordinates"":[]}"
201701,0.0,2017-01-01,0.0,"{""type"":""MultiPoint"",""coordinates"":[]}"
201702,3.0,2017-02-01,36.0,"{""type"":""MultiPoint"",""coordinates"":[]}"
201703,851.0,2017-03-01,896.0,"{""type"":""MultiPoint"",""coordinates"":[]}"
201704,790.0,2017-04-01,1055.0,"{""type"":""MultiPoint"",""coordinates"":[]}"
201705,347.0,2017-05-01,1411.0,"{""type"":""MultiPoint"",""coordinates"":[]}"
201706,417.0,2017-06-01,1809.0,"{""type"":""MultiPoint"",""coordinates"":[]}"
201707,1068.0,2017-07-01,1461.0,"{""type"":""MultiPoint"",""coordinates"":[]}"
201708,805.0,2017-08-01,1242.0,"{""type"":""MultiPoint"",""coordinates"":[]}"
201709,767.0,2017-09-01,1167.0,"{""type"":""MultiPoint"",""coordinates"":[]}"
201710,420.0,2017-10-01,863.0,"{""type"":""MultiPoint"",""coordinates"":[]}"
201711,76.0,2017-11-01,670.0,"{""type"":""MultiPoint"",""coordinates"":[]}"
201712,4.0,2017-12-01,49.0,"{""type"":""MultiPoint"",""coordinates"":[]}"
201801,0.0,2018-01-01,0.0,"{""type"":""MultiPoint"",""coordinates"":[]}"
201802,0.0,2018-02-01,0.0,"{""type"":""MultiPoint"",""coordinates"":[]}"
201803,266.0,2018-03-01,266.0,"{""type"":""MultiPoint"",""coordinates"":[]}"
201804,618.0,2018-04-01,1037.0,"{""type"":""MultiPoint"",""coordinates"":[]}"
201805,117.0,2018-05-01,1599.0,"{""type"":""MultiPoint"",""coordinates"":[]}"
201806,533.0,2018-06-01,1763.0,"{""type"":""MultiPoint"",""coordinates"":[]}"
201807,1197.0,2018-07-01,1477.0,"{""type"":""MultiPoint"",""coordinates"":[]}"
201808,756.0,2018-08-01,1375.0,"{""type"":""MultiPoint"",""coordinates"":[]}"
201809,330.0,2018-09-01,1176.0,"{""type"":""MultiPoint"",""coordinates"":[]}"
201810,662.0,2018-10-01,662.0,"{""type"":""MultiPoint"",""coordinates"":[]}"
201811,69.0,2018-11-01,71.0,"{""type"":""MultiPoint"",""coordinates"":[]}"
201812,0.0,2018-12-01,0.0,"{""type"":""MultiPoint"",""coordinates"":[]}"
201901,0.0,2019-01-01,0.0,"{""type"":""MultiPoint"",""coordinates"":[]}"
201902,0.0,2019-02-01,0.0,"{""type"":""MultiPoint"",""coordinates"":[]}"
201903,395.0,2019-03-01,395.0,"{""type"":""MultiPoint"",""coordinates"":[]}"
201904,958.0,2019-04-01,958.0,"{""type"":""MultiPoint"",""coordinates"":[]}"
201905,878.0,2019-05-01,1161.0,"{""type"":""MultiPoint"",""coordinates"":[]}"
201906,498.0,2019-06-01,1519.0,"{""type"":""MultiPoint"",""coordinates"":[]}"
201907,894.0,2019-07-01,1634.0,"{""type"":""MultiPoint"",""coordinates"":[]}"
201908,529.0,2019-08-01,1556.0,"{""type"":""MultiPoint"",""coordinates"":[]}"
201909,302.0,2019-09-01,1297.0,"{""type"":""MultiPoint"",""coordinates"":[]}"
201910,313.0,2019-10-01,1032.0,"{""type"":""MultiPoint"",""coordinates"":[]}"
201911,338.0,2019-11-01,338.0,"{""type"":""MultiPoint"",""coordinates"":[]}"
201912,0.0,2019-12-01,0.0,"{""type"":""MultiPoint"",""coordinates"":[]}"
202001,0.0,2020-01-01,0.0,"{""type"":""MultiPoint"",""coordinates"":[]}"
202002,0.0,2020-02-01,0.0,"{""type"":""MultiPoint"",""coordinates"":[]}"
202003,351.0,2020-03-01,351.0,"{""type"":""MultiPoint"",""coordinates"":[]}"
202004,1047.0,2020-04-01,1047.0,"{""type"":""MultiPoint"",""coordinates"":[]}"
202005,507.0,2020-05-01,1574.0,"{""type"":""MultiPoint"",""coordinates"":[]}"
202006,266.0,2020-06-01,1736.0,"{""type"":""MultiPoint"",""coordinates"":[]}"
202007,873.0,2020-07-01,1633.0,"{""type"":""MultiPoint"",""coordinates"":[]}"
202008,254.0,2020-08-01,1569.0,"{""type"":""MultiPoint"",""coordinates"":[]}"
202009,485.0,2020-09-01,1210.0,"{""type"":""MultiPoint"",""coordinates"":[]}"
202010,282.0,2020-10-01,985.0,"{""type"":""MultiPoint"",""coordinates"":[]}"
202011,321.0,2020-11-01,589.0,"{""type"":""MultiPoint"",""coordinates"":[]}"
202012,0.0,2020-12-01,0.0,"{""type"":""MultiPoint"",""coordinates"":[]}"
202101,0.0,2021-01-01,0.0,"{""type"":""MultiPoint"",""coordinates"":[]}"
202102,0.0,2021-02-01,0.0,"{""type"":""MultiPoint"",""coordinates"":[]}"
202103,78.0,2021-03-01,78.0,"{""type"":""MultiPoint"",""coordinates"":[]}"
202104,1098.0,2021-04-01,1098.0,"{""type"":""MultiPoint"",""coordinates"":[]}"
202105,406.0,2021-05-01,1464.0,"{""type"":""MultiPoint"",""coordinates"":[]}"
202106,444.0,2021-06-01,1633.0,"{""type"":""MultiPoint"",""coordinates"":[]}"
202107,1216.0,2021-07-01,1389.0,"{""type"":""MultiPoint"",""coordinates"":[]}"
202108,404.0,2021-08-01,1408.0,"{""type"":""MultiPoint"",""coordinates"":[]}"
202109,395.0,2021-09-01,1246.0,"{""type"":""MultiPoint"",""coordinates"":[]}"
202110,216.0,2021-10-01,961.0,"{""type"":""MultiPoint"",""coordinates"":[]}"
202111,78.0,2021-11-01,661.0,"{""type"":""MultiPoint"",""coordinates"":[]}"
202112,82.0,2021-12-01,82.0,"{""type"":""MultiPoint"",""coordinates"":[]}"
202201,0.0,2022-01-01,0.0,"{""type"":""MultiPoint"",""coordinates"":[]}"
202202,0.0,2022-02-01,0.0,"{""type"":""MultiPoint"",""coordinates"":[]}"
202203,76.0,2022-03-01,76.0,"{""type"":""MultiPoint"",""coordinates"":[]}"
202204,1214.0,2022-04-01,1214.0,"{""type"":""MultiPoint"",""coordinates"":[]}"
202205,332.0,2022-05-01,1819.0,"{""type"":""MultiPoint"",""coordinates"":[]}"
202206,1393.0,2022-06-01,1474.0,"{""type"":""MultiPoint"",""coordinates"":[]}"
202207,1305.0,2022-07-01,1434.0,"{""type"":""MultiPoint"",""coordinates"":[]}"
202208,884.0,2022-08-01,1210.0,"{""type"":""MultiPoint"",""coordinates"":[]}"
202209,381.0,2022-09-01,1143.0,"{""type"":""MultiPoint"",""coordinates"":[]}"
202210,609.0,2022-10-01,734.0,"{""type"":""MultiPoint"",""coordinates"":[]}"
202211,72.0,2022-11-01,72.0,"{""type"":""MultiPoint"",""coordinates"":[]}"
202212,17.0,2022-12-01,17.0,"{""type"":""MultiPoint"",""coordinates"":[]}"
